0,-1.163086,0.238281,-1.051758,4.81493,-15.695393,-6.593897
1249,-1.136719,0.265625,-1.041016,4.736102,-15.614434,-6.480981
2497,-1.118164,0.285156,-1.030273,4.659403,-15.50791,-6.359542
3746,-1.087891,0.293945,-1.024414,4.667925,-15.38221,-6.250887
4996,-0.972656,0.323242,-0.963867,4.72758,-15.226684,-6.165667
6243,-0.904297,0.388672,-0.956055,4.725449,-15.032808,-6.078316
7492,-0.869141,0.456055,-0.987305,4.638098,-14.843193,-5.96327
8741,-0.874023,0.49707,-1.038086,4.544357,-14.69832,-5.782177
9989,-0.898438,0.543945,-1.131836,4.486833,-14.574751,-5.5393
11238,-0.869141,0.558594,-1.169922,4.478311,-14.474617,-5.28364
12487,-0.791992,0.567383,-1.170898,4.491094,-14.357439,-5.07059
13735,-0.673828,0.607422,-1.139648,4.427179,-14.161433,-4.932107
14984,-0.478516,0.796875,-1.151367,4.241826,-13.89086,-4.81493
16235,-0.408203,0.933594,-1.15918,3.886032,-13.567024,-4.659403
17483,-0.334961,0.985352,-1.113281,3.592023,-13.226144,-4.454875
18730,-0.303711,0.970703,-1.119141,3.449279,-12.970484,-4.278044
19979,-0.324219,0.902344,-1.205078,3.4088,-12.823479,-4.124648
21229,-0.310547,0.861328,-1.245117,3.425844,-12.733999,-3.949947
22477,-0.255859,0.838867,-1.257812,3.474845,-12.6573,-3.794421
23725,-0.131836,0.856445,-1.216797,3.502542,-12.508166,-3.736897
24973,0.046875,0.963867,-1.263672,3.442888,-12.307899,-3.696417
26222,0.104492,1.001953,-1.282227,3.372581,-12.116153,-3.613328
27471,0.180664,1.021484,-1.279297,3.355538,-11.907364,-3.543022
28720,0.261719,1.06543,-1.290039,3.306536,-11.709228,-3.519586
29970,0.401367,1.163086,-1.270508,3.189358,-11.491917,-3.487629
31217,0.462891,1.208984,-1.291992,3.014658,-11.229866,-3.413061
32465,0.504883,1.219727,-1.314453,2.863392,-10.99551,-3.319319
33716,0.541992,1.192383,-1.310547,2.799477,-10.82294,-3.225577
34963,0.568359,1.087891,-1.263672,2.771781,-10.701502,-3.125443
36212,0.632812,1.074219,-1.217773,2.758997,-10.580063,-3.063659
37460,0.676758,1.060547,-1.192383,2.773911,-10.443711,-3.021049
38709,0.68457,1.055664,-1.205078,2.784563,-10.298837,-2.935829
39959,0.818359,1.160156,-1.160156,2.746215,-10.090048,-2.837826
41206,0.897461,1.208984,-1.115234,2.669516,-9.847171,-2.76752
42455,0.961914,1.241211,-1.067383,2.575775,-9.621338,-2.72704
43704,0.995117,1.270508,-1.045898,2.42877,-9.397635,-2.680169
44952,0.992188,1.258789,-1.091797,2.275374,-9.205891,-2.571514
46201,1.032227,1.200195,-1.066406,2.200807,-9.03332,-2.441553
47451,1.063477,1.142578,-1.043945,2.17098,-8.813878,-2.317984
48698,1.102539,1.099609,-1.018555,2.17098,-8.568871,-2.222112
49947,1.148438,1.051758,-0.989258,2.160327,-8.317472,-2.119848
51196,1.181641,1.094727,-1.003906,2.066585,-8.019202,-1.964321
52444,1.260742,1.12793,-0.956055,1.977104,-7.699627,-1.827969
53693,1.292969,1.099609,-0.912109,1.972843,-7.397096,-1.712922
54942,1.27832,1,-0.865234,2.000539,-7.126523,-1.591484
56190,1.283203,0.938477,-0.827148,2.036758,-6.872993,-1.455132
57439,1.324219,0.918945,-0.764648,2.049541,-6.587506,-1.36352
58688,1.335938,0.910156,-0.736328,2.049541,-6.302019,-1.259126
59938,1.412109,0.883789,-0.664062,2.038889,-5.995227,-1.163253
61185,1.435547,0.881836,-0.65332,1.985626,-5.665,-1.075902
62434,1.416016,0.84668,-0.641602,1.945147,-5.383774,-0.962986
63682,1.388672,0.767578,-0.612305,1.966452,-5.136635,-0.85433
64931,1.395508,0.640625,-0.543945,2.017584,-4.883106,-0.756328
66183,1.366211,0.592773,-0.525391,2.072977,-4.623185,-0.656194
67430,1.356445,0.582031,-0.516602,2.100673,-4.367525,-0.562452
68677,1.378906,0.603516,-0.513672,2.092151,-4.118257,-0.483623
69926,1.362305,0.508789,-0.445313,2.158196,-3.907337,-0.415448
71176,1.357422,0.451172,-0.408203,2.294548,-3.692156,-0.366446
72423,1.367188,0.446289,-0.396484,2.356333,-3.442888,-0.345141
73673,1.361328,0.459961,-0.394531,2.356333,-3.214924,-0.313184
74922,1.337891,0.439453,-0.351562,2.366986,-3.021049,-0.276965
76169,1.323242,0.40332,-0.333984,2.415987,-2.842087,-0.25566
77418,1.298828,0.367188,-0.34082,2.456466,-2.656734,-0.230094
78667,1.288086,0.34082,-0.352539,2.454336,-2.447945,-0.21305
79917,1.320312,0.321289,-0.371094,2.454336,-2.224242,-0.219442
81164,1.326172,0.299805,-0.34082,2.511859,-2.023975,-0.300401
82413,1.311523,0.302734,-0.353516,2.545948,-1.836491,-0.445275
83661,1.264648,0.302734,-0.382812,2.522512,-1.655398,-0.551799
84910,1.095703,0.244141,-0.37207,2.482032,-1.487089,-0.507059
86159,1.070312,0.250977,-0.356445,2.47138,-1.329432,-0.38349
87410,1.041992,0.237305,-0.369141,2.473511,-1.19308,-0.29827
88656,1.056641,0.227539,-0.3125,2.473511,-1.060989,-0.357924
89905,1.009766,0.229492,-0.293945,2.441553,-0.93955,-0.432492
91153,0.966797,0.231445,-0.288086,2.392552,-0.85433,-0.421839
92402,0.966797,0.245117,-0.263672,2.362725,-0.773371,-0.411187
93651,0.967773,0.244141,-0.243164,2.354202,-0.679629,-0.428231
94901,0.925781,0.222656,-0.251953,2.328636,-0.579496,-0.421839
96148,0.904297,0.219727,-0.222656,2.324375,-0.502798,-0.415448
97397,0.876953,0.222656,-0.208008,2.322245,-0.458058,-0.438883
98646,0.827148,0.213867,-0.208984,2.303071,-0.441014,-0.462319
99894,0.787109,0.22168,-0.201172,2.286027,-0.417578,-0.472971
101143,0.751953,0.227539,-0.198242,2.283896,-0.409056,-0.46871
102394,0.726562,0.232422,-0.182617,2.294548,-0.417578,-0.483623
103640,0.748047,0.270508,-0.138672,2.279635,-0.396273,-0.562452
104889,0.697266,0.313477,-0.166992,2.213589,-0.392012,-0.600801
106138,0.666016,0.307617,-0.177734,2.149675,-0.430361,-0.577365
107386,0.65332,0.304688,-0.170898,2.102803,-0.475102,-0.549669
108635,0.647461,0.305664,-0.162109,2.055932,-0.519842,-0.545408
109885,0.642578,0.320312,-0.149414,2.0048,-0.55606,-0.560322
111132,0.631836,0.34082,-0.146484,1.96006,-0.592279,-0.588018
112381,0.612305,0.351562,-0.143555,1.934494,-0.645541,-0.611453
113630,0.597656,0.362305,-0.157227,1.900406,-0.679629,-0.611453
114878,0.591797,0.388672,-0.160156,1.847144,-0.709457,-0.59441
116127,0.603516,0.396484,-0.144531,1.810925,-0.739283,-0.59654
117376,0.598633,0.402344,-0.147461,1.783229,-0.773371,-0.59441
118624,0.578125,0.397461,-0.148438,1.757662,-0.805329,-0.579496
119873,0.589844,0.404297,-0.120117,1.734227,-0.841548,-0.575235
121122,0.586914,0.405273,-0.111328,1.7044,-0.899071,-0.592279
122372,0.588867,0.415039,-0.12793,1.644746,-0.935289,-0.630628
123619,0.611328,0.428711,-0.132813,1.608528,-0.958725,-0.675369
124868,0.556641,0.404297,-0.123047,1.580831,-0.9779,-0.649802
126118,0.551758,0.404297,-0.12793,1.544612,-0.999205,-0.575235
127368,0.583008,0.416016,-0.112305,1.514786,-1.024771,-0.549669
128614,0.59668,0.418945,-0.105469,1.480697,-1.037554,-0.55393
129862,0.582031,0.427734,-0.134766,1.438087,-1.041815,-0.543277
131112,0.588867,0.436523,-0.133789,1.404,-1.050337,-0.521972
132360,0.606445,0.442383,-0.121094,1.382694,-1.060989,-0.513451
133611,0.611328,0.445312,-0.115234,1.372042,-1.099338,-0.519842
134859,0.583008,0.444336,-0.130859,1.335824,-1.133426,-0.528364
136106,0.59668,0.451172,-0.134766,1.288952,-1.171775,-0.517711
137355,0.601562,0.454102,-0.112305,1.261256,-1.212255,-0.515581
138603,0.597656,0.459961,-0.133789,1.214385,-1.265517,-0.532625
139852,0.616211,0.479492,-0.134766,1.163253,-1.325171,-0.547539
141102,0.633789,0.487305,-0.138672,1.120643,-1.378434,-0.577365
142349,0.636719,0.481445,-0.173828,1.058858,-1.397608,-0.568844
143598,0.646484,0.478516,-0.189453,1.018379,-1.423174,-0.534756
144847,0.642578,0.485352,-0.164063,0.999205,-1.444479,-0.504929
146095,0.62793,0.487305,-0.191406,0.950203,-1.472176,-0.462319
147344,0.639648,0.498047,-0.1875,0.890549,-1.523308,-0.441014
148593,0.661133,0.509766,-0.172852,0.835156,-1.559526,-0.455927
149842,0.669922,0.53418,-0.177734,0.779763,-1.604267,-0.472971
151090,0.669922,0.538086,-0.178711,0.72437,-1.638354,-0.475102
152339,0.668945,0.529297,-0.178711,0.679629,-1.668181,-0.453796
153587,0.682617,0.532227,-0.158203,0.643411,-1.7044,-0.453796
154836,0.702148,0.563477,-0.197266,0.590148,-1.719313,-0.46871
156085,0.72168,0.571289,-0.173828,0.566713,-1.738488,-0.487884
157335,0.71875,0.564453,-0.1875,0.521972,-1.734227,-0.485754
158582,0.711914,0.563477,-0.207031,0.475102,-1.734227,-0.466579
159831,0.726562,0.569336,-0.178711,0.441014,-1.74914,-0.481493
161079,0.709961,0.571289,-0.186523,0.372837,-1.759793,-0.496407
162330,0.698242,0.571289,-0.205078,0.264182,-1.751271,-0.472971
163577,0.706055,0.574219,-0.209961,0.193876,-1.781098,-0.455927
164825,0.728516,0.577148,-0.154297,0.187484,-1.810925,-0.487884
166076,0.698242,0.572266,-0.217773,0.119308,-1.808795,-0.47084
167327,0.722656,0.573242,-0.202148,0.068176,-1.815186,-0.436752
168574,0.758789,0.572266,-0.136719,0.074567,-1.815186,-0.455927
169822,0.730469,0.554688,-0.19043,0.051132,-1.798142,-0.462319
171069,0.743164,0.55957,-0.181641,0.027696,-1.78962,-0.447405
172318,0.751953,0.576172,-0.161133,0.010653,-1.776837,-0.453796
173566,0.74707,0.583008,-0.177734,-0.031957,-1.764054,-0.466579
174815,0.748047,0.571289,-0.201172,-0.106525,-1.734227,-0.445275
176065,0.765625,0.567383,-0.191406,-0.178962,-1.691617,-0.404795
177312,0.776367,0.564453,-0.180664,-0.234355,-1.657529,-0.392012
178561,0.774414,0.56543,-0.174805,-0.268443,-1.640485,-0.398404
179810,0.762695,0.543945,-0.12793,-0.281226,-1.640485,-0.404795
181060,0.745117,0.532227,-0.113281,-0.283357,-1.644746,-0.404795
182307,0.738281,0.521484,-0.114258,-0.29827,-1.636224,-0.379229
183556,0.745117,0.514648,-0.113281,-0.311053,-1.612788,-0.34088
184804,0.766602,0.506836,-0.068359,-0.294009,-1.585092,-0.317445
186053,0.753906,0.493164,-0.060547,-0.281226,-1.557395,-0.306792
187302,0.741211,0.476562,-0.063477,-0.281226,-1.529699,-0.272704
188550,0.748047,0.459961,-0.056641,-0.272704,-1.508394,-0.236486
189799,0.749023,0.413086,-0.029297,-0.251399,-1.502002,-0.219442
191048,0.742188,0.398438,-0.046875,-0.264182,-1.49135,-0.187484
192298,0.757812,0.387695,-0.060547,-0.287618,-1.453001,-0.132091
193545,0.787109,0.378906,-0.072266,-0.315314,-1.365651,-0.070306
194794,0.87793,0.366211,-0.112305,-0.364316,-1.239951,-0.008522
196042,0.916992,0.350586,-0.063477,-0.338749,-1.144078,-0.004261
197291,0.876953,0.331055,-0.027344,-0.29827,-1.116382,-0.034088
198540,0.807617,0.30957,-0.02832,-0.294009,-1.15047,-0.049002
199790,0.77832,0.285156,-0.014648,-0.29827,-1.19095,-0.029827
201037,0.80957,0.292969,-0.006836,-0.287618,-1.197341,-0.010653
202286,0.833984,0.297852,-0.006836,-0.272704,-1.167514,-0.002131
203536,0.853516,0.290039,0.000977,-0.25353,-1.131296,0.002131
204785,0.860352,0.266602,0.015625,-0.240747,-1.090816,0.014913
206032,0.854492,0.25293,0.016602,-0.234355,-1.071641,0.027696
207281,0.84082,0.244141,0.018555,-0.225833,-1.063119,0.04048
208529,0.833984,0.238281,0.027344,-0.21518,-1.058858,0.046871
209778,0.847656,0.240234,0.022461,-0.204528,-1.054598,0.057523
211028,0.854492,0.237305,0.023437,-0.193876,-1.037554,0.059654
212277,0.871094,0.233398,0.025391,-0.181092,-1.014118,0.066046
213524,0.875977,0.230469,0.021484,-0.164049,-0.9779,0.078828
214773,0.870117,0.223633,0.030273,-0.151265,-0.948072,0.091611
216023,0.870117,0.233398,0.02832,-0.144874,-0.920376,0.100134
217270,0.875,0.237305,0.019531,-0.136352,-0.879896,0.102264
218519,0.878906,0.239258,0.020508,-0.123569,-0.830895,0.104395
219767,0.873047,0.24707,0.024414,-0.117178,-0.781894,0.106525
221016,0.879883,0.251953,0.021484,-0.117178,-0.739283,0.112917
222265,0.883789,0.251953,0.023437,-0.115047,-0.686021,0.117178
223516,0.893555,0.24707,0.026367,-0.110786,-0.624236,0.125699
224764,0.907227,0.233398,0.02832,-0.108656,-0.564582,0.140613
226011,0.915039,0.225586,0.023437,-0.106525,-0.504929,0.153396
227259,0.927734,0.225586,0.011719,-0.108656,-0.447405,0.161918
228510,0.93457,0.21582,0.010742,-0.089481,-0.387751,0.17257
229757,0.951172,0.205078,0.017578,-0.057523,-0.330228,0.181092
231005,0.957031,0.204102,0.017578,-0.023436,-0.270574,0.189614
232254,0.949219,0.203125,0.017578,0.002131,-0.223702,0.206658
233507,0.941406,0.209961,0.011719,0.025566,-0.185354,0.208789
234753,0.942383,0.233398,0.011719,0.038349,-0.147005,0.206658
236000,0.936523,0.231445,0.017578,0.049002,-0.106525,0.208789
237249,0.9375,0.228516,0.017578,0.068176,-0.070306,0.219442
238498,0.938477,0.230469,0.012695,0.08735,-0.04048,0.236486
239746,0.938477,0.245117,0.006836,0.08735,-0.008522,0.240747
240997,0.942383,0.25,-0.00293,0.076698,0.017044,0.249269
242245,0.954102,0.253906,0,0.063915,0.049002,0.25566
243492,0.963867,0.259766,0.023437,0.061784,0.093742,0.259921
244741,0.960938,0.254883,0.040039,0.066046,0.142743,0.264182
245990,0.963867,0.24707,0.042969,0.074567,0.183223,0.268443
247238,0.969727,0.261719,0.043945,0.063915,0.221572,0.251399
248487,0.970703,0.277344,0.043945,0.04048,0.262051,0.223702
249736,0.957031,0.251953,0.085937,0.04261,0.289748,0.221572
250984,0.952148,0.240234,0.095703,0.063915,0.304662,0.223702
252233,0.946289,0.238281,0.09375,0.083089,0.317445,0.21518
253482,0.944336,0.249023,0.088867,0.08735,0.328097,0.202398
254732,0.938477,0.272461,0.082031,0.074567,0.334489,0.181092
255979,0.931641,0.280273,0.089844,0.066046,0.334489,0.17044
257228,0.928711,0.277344,0.099609,0.070306,0.334489,0.17044
258478,0.927734,0.273438,0.09668,0.080959,0.325966,0.166179
259727,0.938477,0.291016,0.083984,0.068176,0.328097,0.161918
260974,0.94043,0.299805,0.094727,0.04261,0.328097,0.144874
262222,0.935547,0.302734,0.107422,0.021305,0.334489,0.134221
263473,0.928711,0.30957,0.108398,-0.008522,0.313184,0.12783
264720,0.889648,0.318359,0.097656,-0.046871,0.270574,0.119308
265969,0.891602,0.305664,0.132812,-0.061784,0.225833,0.112917
267217,0.891602,0.300781,0.163086,-0.038349,0.185354,0.100134
268466,0.885742,0.301758,0.155273,-0.017044,0.136352,0.089481
269716,0.878906,0.3125,0.123047,-0.019175,0.08735,0.074567
270963,0.876953,0.320312,0.125,-0.029827,0.044741,0.053262
272212,0.869141,0.331055,0.12793,-0.04261,0.010653,0.034088
273461,0.855469,0.338867,0.128906,-0.053262,-0.029827,0.027696
274709,0.848633,0.334961,0.12793,-0.066046,-0.068176,0.031957
275958,0.853516,0.337891,0.128906,-0.076698,-0.108656,0.038349
277207,0.857422,0.338867,0.125,-0.093742,-0.129961,0.04261
278455,0.865234,0.344727,0.130859,-0.106525,-0.136352,0.04261
279704,0.864258,0.344727,0.149414,-0.121439,-0.136352,0.034088
280955,0.856445,0.345703,0.138672,-0.132091,-0.138483,0.04261
282203,0.848633,0.361328,0.116211,-0.16831,-0.147005,0.044741
283450,0.837891,0.352539,0.139648,-0.181092,-0.155527,0.053262
284699,0.84082,0.317383,0.186523,-0.157657,-0.155527,0.076698
285947,0.837891,0.314453,0.183594,-0.147005,-0.149135,0.093742
287196,0.835938,0.316406,0.172852,-0.144874,-0.144874,0.106525
288445,0.836914,0.319336,0.167969,-0.147005,-0.151265,0.117178
289695,0.833008,0.318359,0.174805,-0.151265,-0.161918,0.119308
290942,0.822266,0.317383,0.164062,-0.161918,-0.176832,0.134221
292191,0.820312,0.322266,0.173828,-0.159787,-0.187484,0.142743
293439,0.833008,0.322266,0.18457,-0.161918,-0.193876,0.138483
294689,0.837891,0.353516,0.149414,-0.187484,-0.206658,0.123569
295937,0.829102,0.354492,0.15918,-0.221572,-0.227964,0.112917
297186,0.824219,0.349609,0.176758,-0.236486,-0.247138,0.110786
298434,0.816406,0.347656,0.173828,-0.242877,-0.270574,0.115047
299683,0.805664,0.333008,0.181641,-0.247138,-0.300401,0.115047
300934,0.808594,0.335938,0.189453,-0.25566,-0.328097,0.125699
302182,0.816406,0.338867,0.191406,-0.268443,-0.353663,0.129961
303429,0.817383,0.333984,0.195312,-0.279095,-0.372837,0.129961
304678,0.816406,0.325195,0.200195,-0.283357,-0.389881,0.142743
305926,0.81543,0.322266,0.202148,-0.291878,-0.400534,0.153396
307175,0.813477,0.319336,0.205078,-0.29827,-0.409056,0.166179
308425,0.822266,0.313477,0.209961,-0.302531,-0.415448,0.17257
309672,0.817383,0.28418,0.213867,-0.294009,-0.419708,0.185354
310921,0.825195,0.286133,0.209961,-0.285487,-0.417578,0.200267
312170,0.831055,0.292969,0.203125,-0.296139,-0.411187,0.206658
313420,0.833008,0.295898,0.198242,-0.306792,-0.404795,0.21092
314667,0.835938,0.280273,0.194336,-0.315314,-0.417578,0.227964
315916,0.836914,0.272461,0.192383,-0.321705,-0.423969,0.251399
317164,0.84375,0.262695,0.194336,-0.323836,-0.4261,0.264182
318413,0.84082,0.254883,0.197266,-0.315314,-0.430361,0.274834
319662,0.850586,0.273438,0.201172,-0.311053,-0.432492,0.276965
320912,0.854492,0.276367,0.200195,-0.308922,-0.428231,0.276965
322161,0.851562,0.266602,0.204102,-0.296139,-0.423969,0.289748
323408,0.853516,0.262695,0.208984,-0.296139,-0.421839,0.296139
324656,0.869141,0.307617,0.183594,-0.319575,-0.423969,0.279095
325907,0.867188,0.304688,0.185547,-0.349402,-0.434622,0.25566
327154,0.856445,0.291016,0.194336,-0.360054,-0.445275,0.25353
328402,0.851562,0.277344,0.200195,-0.360054,-0.447405,0.259921
329651,0.864258,0.261719,0.189453,-0.360054,-0.453796,0.25779
330900,0.867188,0.249023,0.1875,-0.360054,-0.455927,0.25566
332150,0.869141,0.237305,0.195312,-0.355793,-0.460188,0.259921
333397,0.87793,0.243164,0.199219,-0.362185,-0.462319,0.251399
334646,0.884766,0.244141,0.195312,-0.368577,-0.466579,0.234355
335896,0.885742,0.240234,0.194336,-0.374968,-0.47084,0.223702
337145,0.886719,0.240234,0.197266,-0.38349,-0.475102,0.219442
338392,0.889648,0.236328,0.204102,-0.392012,-0.490015,0.217311
339641,0.888672,0.211914,0.209961,-0.404795,-0.507059,0.21518
340889,0.896484,0.210938,0.21582,-0.419708,-0.519842,0.208789
342138,0.90332,0.212891,0.217773,-0.443144,-0.532625,0.196006
343388,0.916992,0.209961,0.222656,-0.472971,-0.547539,0.17257
344637,0.912109,0.185547,0.242188,-0.487884,-0.566713,0.159787
345884,0.917969,0.179688,0.25,-0.481493,-0.588018,0.149135
347133,0.927734,0.169922,0.259766,-0.47084,-0.611453,0.134221
348383,0.942383,0.15918,0.264648,-0.462319,-0.628498,0.112917
349630,0.951172,0.139648,0.261719,-0.449535,-0.643411,0.095872
350879,0.959961,0.12793,0.262695,-0.436752,-0.656194,0.083089
352127,0.975586,0.128906,0.267578,-0.443144,-0.675369,0.068176
353376,0.989258,0.133789,0.272461,-0.445275,-0.688152,0.044741
354625,0.989258,0.118164,0.27832,-0.443144,-0.705195,0.021305
355875,0.990234,0.104492,0.287109,-0.428231,-0.730761,0.017044
357124,0.992188,0.076172,0.296875,-0.394143,-0.743545,0.019175
358371,1.011719,0.081055,0.294922,-0.389881,-0.749936,-0.008522
359619,1.033203,0.132813,0.282227,-0.396273,-0.760589,-0.066046
360870,1.029297,0.124023,0.285156,-0.387751,-0.76698,-0.100134
362117,1.026367,0.105469,0.296875,-0.360054,-0.779763,-0.102264
363365,1.013672,0.092773,0.319336,-0.323836,-0.792546,-0.095872
364614,1.016602,0.095703,0.30957,-0.308922,-0.784024,-0.106525
365863,1.035156,0.076172,0.297852,-0.317445,-0.769111,-0.142743
367113,1.047852,0.048828,0.30957,-0.304662,-0.749936,-0.164049
368360,1.050781,0.036133,0.323242,-0.25566,-0.730761,-0.157657
369609,1.046875,0.044922,0.320312,-0.200267,-0.7265,-0.153396
370858,1.040039,0.050781,0.321289,-0.144874,-0.739283,-0.138483
372106,1.040039,0.063477,0.323242,-0.100134,-0.752066,-0.125699
373355,1.050781,0.081055,0.319336,-0.066046,-0.752066,-0.125699
374604,1.055664,0.089844,0.314453,-0.044741,-0.743545,-0.142743
375852,1.060547,0.095703,0.310547,-0.029827,-0.741414,-0.151265
377101,1.057617,0.102539,0.300781,-0.014913,-0.739283,-0.149135
378351,1.045898,0.111328,0.291016,-0.008522,-0.743545,-0.142743
379600,1.032227,0.142578,0.229492,-0.036219,-0.769111,-0.151265
380847,1.039062,0.165039,0.214844,-0.098003,-0.788285,-0.17257
382096,1.063477,0.154297,0.253906,-0.12783,-0.781894,-0.196006
383344,1.082031,0.136719,0.271484,-0.115047,-0.762719,-0.21092
384593,1.072266,0.144531,0.237305,-0.112917,-0.752066,-0.225833
385842,1.084961,0.152344,0.226562,-0.134221,-0.749936,-0.247138
387092,1.083008,0.149414,0.225586,-0.151265,-0.745675,-0.268443
388339,1.075195,0.162109,0.224609,-0.164049,-0.741414,-0.291878
389588,1.071289,0.171875,0.238281,-0.16831,-0.741414,-0.315314
390836,1.068359,0.155273,0.25,-0.151265,-0.741414,-0.323836
392086,1.06543,0.142578,0.263672,-0.115047,-0.737153,-0.319575
393334,1.06543,0.135742,0.272461,-0.063915,-0.720109,-0.313184
394583,1.082031,0.145508,0.282227,-0.004261,-0.692412,-0.325966
395831,1.081055,0.165039,0.269531,0.031957,-0.668977,-0.347272
397080,1.069336,0.185547,0.248047,0.04261,-0.645541,-0.364316
398331,1.056641,0.199219,0.238281,0.04048,-0.630628,-0.374968
399579,1.053711,0.204102,0.245117,0.04261,-0.615715,-0.374968
400826,1.05957,0.210938,0.245117,0.053262,-0.590148,-0.38136
402075,1.056641,0.216797,0.243164,0.051132,-0.568844,-0.387751
403323,1.048828,0.217773,0.236328,0.053262,-0.541147,-0.389881
404572,1.038086,0.222656,0.227539,0.051132,-0.519842,-0.396273
405822,1.033203,0.227539,0.225586,0.055393,-0.502798,-0.398404
407069,1.025391,0.236328,0.223633,0.057523,-0.494276,-0.400534
408318,1.017578,0.24707,0.223633,0.057523,-0.481493,-0.402664
409567,1.017578,0.25293,0.227539,0.061784,-0.462319,-0.406925
410817,1.010742,0.258789,0.223633,0.061784,-0.447405,-0.398404
412064,1.00293,0.262695,0.217773,0.059654,-0.436752,-0.38562
413313,0.996094,0.262695,0.21582,0.059654,-0.428231,-0.372837
414561,0.993164,0.264648,0.22168,0.059654,-0.406925,-0.366446
415810,0.99707,0.268555,0.220703,0.061784,-0.396273,-0.353663
417059,0.99707,0.272461,0.21582,0.061784,-0.38349,-0.338749
418307,0.993164,0.268555,0.208008,0.063915,-0.366446,-0.330228
419556,1,0.266602,0.207031,0.066046,-0.353663,-0.321705
420805,0.990234,0.264648,0.204102,0.066046,-0.34301,-0.308922
422055,0.985352,0.265625,0.200195,0.066046,-0.328097,-0.294009
423302,0.986328,0.268555,0.203125,0.072437,-0.319575,-0.276965
424551,0.981445,0.267578,0.206055,0.074567,-0.302531,-0.262051
425799,0.987305,0.263672,0.207031,0.080959,-0.285487,-0.25779
427048,0.980469,0.268555,0.208008,0.08522,-0.272704,-0.249269
428300,0.972656,0.27832,0.208008,0.08735,-0.266313,-0.245007
429547,0.970703,0.277344,0.210937,0.091611,-0.264182,-0.259921
430794,0.964844,0.283203,0.208984,0.098003,-0.259921,-0.268443
432043,0.954102,0.289062,0.203125,0.098003,-0.25779,-0.25779
433292,0.945312,0.288086,0.197266,0.091611,-0.262051,-0.247138
434540,0.936523,0.293945,0.186523,0.080959,-0.276965,-0.247138
435791,0.9375,0.294922,0.18457,0.074567,-0.283357,-0.251399
437039,0.942383,0.291992,0.186523,0.068176,-0.285487,-0.25779
438286,0.93457,0.297852,0.183594,0.059654,-0.294009,-0.272704
439535,0.923828,0.311523,0.169922,0.038349,-0.300401,-0.281226
440784,0.916992,0.314453,0.167969,0.017044,-0.308922,-0.287618
442032,0.919922,0.306641,0.188477,0.014913,-0.311053,-0.289748
443281,0.919922,0.299805,0.196289,0.023436,-0.308922,-0.291878
444530,0.902344,0.307617,0.169922,0.019175,-0.311053,-0.29827
445778,0.889648,0.311523,0.176758,0.012783,-0.321705,-0.291878
447027,0.888672,0.311523,0.175781,-0.006391,-0.330228,-0.296139
448276,0.895508,0.311523,0.164062,-0.046871,-0.338749,-0.319575
449526,0.910156,0.267578,0.186523,-0.068176,-0.336619,-0.334489
450773,0.911133,0.259766,0.198242,-0.051132,-0.319575,-0.321705
452022,0.912109,0.264648,0.195312,-0.017044,-0.304662,-0.302531
453272,0.90625,0.268555,0.19043,0.004261,-0.300401,-0.287618
454521,0.895508,0.28125,0.19043,0.019175,-0.296139,-0.274834
455768,0.900391,0.280273,0.196289,0.036219,-0.287618,-0.264182
457016,0.907227,0.280273,0.201172,0.057523,-0.274834,-0.264182
458267,0.90332,0.290039,0.189453,0.059654,-0.266313,-0.259921
459514,0.884766,0.300781,0.173828,0.055393,-0.262051,-0.259921
460763,0.883789,0.299805,0.172852,0.046871,-0.264182,-0.249269
462013,0.889648,0.302734,0.172852,0.04048,-0.272704,-0.242877
463260,0.889648,0.304688,0.172852,0.027696,-0.281226,-0.236486
464509,0.90332,0.301758,0.15918,0.017044,-0.291878,-0.249269
465757,0.904297,0.306641,0.160156,0.008522,-0.304662,-0.268443
467006,0.911133,0.306641,0.15625,-0.008522,-0.319575,-0.281226
468256,0.921875,0.304688,0.154297,-0.021305,-0.334489,-0.302531
469503,0.907227,0.302734,0.150391,-0.031957,-0.355793,-0.330228
470752,0.907227,0.300781,0.150391,-0.04048,-0.38349,-0.349402
472001,0.915039,0.298828,0.154297,-0.046871,-0.409056,-0.364316
473249,0.907227,0.298828,0.154297,-0.051132,-0.428231,-0.38349
474498,0.921875,0.296875,0.15918,-0.053262,-0.443144,-0.406925
475747,0.914062,0.298828,0.162109,-0.053262,-0.453796,-0.411187
476995,0.907227,0.303711,0.160156,-0.057523,-0.451666,-0.402664
478244,0.90918,0.305664,0.15918,-0.061784,-0.443144,-0.398404
479493,0.911133,0.298828,0.15625,-0.061784,-0.438883,-0.406925
480741,0.907227,0.296875,0.150391,-0.068176,-0.432492,-0.402664
481990,0.899414,0.293945,0.149414,-0.068176,-0.423969,-0.394143
483239,0.895508,0.287109,0.150391,-0.070306,-0.415448,-0.372837
484489,0.902344,0.27832,0.155273,-0.063915,-0.400534,-0.353663
485736,0.900391,0.279297,0.152344,-0.057523,-0.38136,-0.351533
486985,0.90332,0.275391,0.151367,-0.051132,-0.364316,-0.347272
488233,0.897461,0.276367,0.15332,-0.044741,-0.345141,-0.321705
489483,0.892578,0.280273,0.15332,-0.044741,-0.334489,-0.294009
490731,0.882812,0.282227,0.15332,-0.04261,-0.319575,-0.279095
491980,0.874023,0.285156,0.155273,-0.04261,-0.317445,-0.276965
493231,0.880859,0.283203,0.160156,-0.04261,-0.317445,-0.272704
494477,0.87793,0.274414,0.163086,-0.049002,-0.321705,-0.259921
495726,0.879883,0.280273,0.15918,-0.053262,-0.328097,-0.25353
496974,0.875,0.28418,0.158203,-0.053262,-0.349402,-0.259921
498225,0.87207,0.279297,0.158203,-0.057523,-0.372837,-0.268443
499473,0.87793,0.285156,0.15332,-0.057523,-0.392012,-0.289748
500720,0.890625,0.288086,0.149414,-0.061784,-0.415448,-0.311053
501969,0.883789,0.292969,0.144531,-0.074567,-0.438883,-0.330228
503218,0.870117,0.293945,0.139648,-0.08735,-0.460188,-0.332358
504466,0.863281,0.300781,0.131836,-0.089481,-0.481493,-0.332358
505715,0.866211,0.299805,0.125977,-0.095872,-0.504929,-0.336619
506965,0.867188,0.302734,0.12793,-0.095872,-0.51132,-0.345141
508212,0.865234,0.303711,0.134766,-0.098003,-0.515581,-0.351533
509461,0.850586,0.3125,0.137695,-0.098003,-0.524103,-0.347272
510710,0.851562,0.311523,0.138672,-0.095872,-0.532625,-0.336619
511958,0.856445,0.3125,0.134766,-0.100134,-0.534756,-0.319575
513207,0.851562,0.314453,0.133789,-0.106525,-0.539017,-0.313184
514456,0.856445,0.316406,0.144531,-0.106525,-0.545408,-0.313184
515704,0.847656,0.316406,0.146484,-0.106525,-0.547539,-0.308922
516953,0.84668,0.317383,0.145508,-0.108656,-0.547539,-0.302531
518202,0.853516,0.325195,0.146484,-0.108656,-0.55393,-0.300401
519452,0.853516,0.324219,0.146484,-0.108656,-0.564582,-0.294009
520699,0.856445,0.322266,0.146484,-0.110786,-0.573105,-0.289748
521948,0.856445,0.318359,0.139648,-0.112917,-0.585888,-0.289748
523196,0.853516,0.317383,0.129883,-0.117178,-0.605062,-0.281226
524445,0.858398,0.3125,0.125977,-0.121439,-0.624236,-0.268443
525694,0.866211,0.319336,0.124023,-0.121439,-0.63915,-0.25779
526944,0.868164,0.326172,0.126953,-0.125699,-0.651933,-0.259921
528191,0.867188,0.329102,0.128906,-0.132091,-0.660455,-0.264182
529440,0.852539,0.34082,0.125,-0.144874,-0.677499,-0.268443
530689,0.852539,0.349609,0.121094,-0.153396,-0.700935,-0.270574
531937,0.845703,0.358398,0.119141,-0.166179,-0.7265,-0.272704
533188,0.84375,0.359375,0.117187,-0.178962,-0.749936,-0.272704
534436,0.848633,0.358398,0.118164,-0.198136,-0.771241,-0.272704
535683,0.847656,0.356445,0.115234,-0.21305,-0.792546,-0.268443
536932,0.851562,0.353516,0.115234,-0.225833,-0.81172,-0.266313
538181,0.854492,0.358398,0.109375,-0.249269,-0.828765,-0.262051
539429,0.868164,0.344727,0.134766,-0.268443,-0.841548,-0.25779
540678,0.864258,0.34668,0.136719,-0.283357,-0.862853,-0.25779
541927,0.856445,0.34668,0.133789,-0.296139,-0.899071,-0.25353
543175,0.847656,0.34668,0.123047,-0.334489,-0.950203,-0.240747
544424,0.842773,0.344727,0.121094,-0.379229,-0.994943,-0.223702
545673,0.842773,0.34082,0.12793,-0.400534,-1.037554,-0.217311
546923,0.84375,0.341797,0.123047,-0.411187,-1.067381,-0.206658
548170,0.860352,0.347656,0.113281,-0.409056,-1.06525,-0.21092
549419,0.876953,0.348633,0.107422,-0.400534,-1.048206,-0.21518
550669,0.874023,0.345703,0.110352,-0.38562,-1.039684,-0.204528
551918,0.874023,0.342773,0.111328,-0.370707,-1.029032,-0.200267
553165,0.875,0.338867,0.109375,-0.362185,-1.020509,-0.196006
554413,0.869141,0.339844,0.101562,-0.366446,-1.016249,-0.191745
555664,0.866211,0.334961,0.095703,-0.370707,-1.016249,-0.191745
556914,0.863281,0.330078,0.09375,-0.372837,-1.011988,-0.185354
558160,0.874023,0.325195,0.092773,-0.377099,-1.016249,-0.181092
559408,0.881836,0.322266,0.09082,-0.372837,-1.009857,-0.17257
560658,0.896484,0.322266,0.089844,-0.362185,-0.997074,-0.16831
561907,0.905273,0.319336,0.087891,-0.366446,-0.990683,-0.157657
563154,0.907227,0.31543,0.085937,-0.366446,-0.98216,-0.144874
564403,0.912109,0.307617,0.086914,-0.355793,-0.973638,-0.142743
565652,0.920898,0.302734,0.083008,-0.347272,-0.965117,-0.147005
566900,0.925781,0.297852,0.078125,-0.334489,-0.960855,-0.147005
568149,0.921875,0.298828,0.071289,-0.338749,-0.960855,-0.12783
569399,0.930664,0.288086,0.074219,-0.34088,-0.954464,-0.112917
570646,0.941406,0.289062,0.073242,-0.332358,-0.943812,-0.110786
571895,0.950195,0.291992,0.071289,-0.321705,-0.920376,-0.117178
573144,0.961914,0.297852,0.067383,-0.311053,-0.890549,-0.115047
574392,0.961914,0.297852,0.067383,-0.29827,-0.864983,-0.108656
575641,0.960938,0.300781,0.068359,-0.289748,-0.837287,-0.110786
576890,0.961914,0.300781,0.064453,-0.274834,-0.80959,-0.121439
578138,0.964844,0.296875,0.061523,-0.264182,-0.775502,-0.12783
579387,0.959961,0.298828,0.057617,-0.249269,-0.743545,-0.123569
580636,0.958008,0.298828,0.060547,-0.236486,-0.709457,-0.119308
581886,0.962891,0.299805,0.05957,-0.223702,-0.679629,-0.110786
583133,0.969727,0.297852,0.05957,-0.21305,-0.647672,-0.102264
584382,0.97168,0.293945,0.052734,-0.204528,-0.613584,-0.100134
585630,0.976562,0.290039,0.053711,-0.198136,-0.581627,-0.104395
586879,0.974609,0.286133,0.053711,-0.191745,-0.551799,-0.108656
588128,0.986328,0.286133,0.050781,-0.176832,-0.515581,-0.106525
589378,0.979492,0.280273,0.041016,-0.16831,-0.483623,-0.095872
590625,0.983398,0.271484,0.036133,-0.164049,-0.451666,-0.08522
591874,0.992188,0.270508,0.035156,-0.155527,-0.411187,-0.080959
593124,0.998047,0.267578,0.038086,-0.140613,-0.368577,-0.078828
594373,1,0.262695,0.042969,-0.115047,-0.328097,-0.078828
595620,0.999023,0.261719,0.043945,-0.089481,-0.283357,-0.083089
596869,0.998047,0.259766,0.044922,-0.055393,-0.230094,-0.08522
598117,0.995117,0.261719,0.049805,-0.029827,-0.189614,-0.076698
599366,0.970703,0.267578,0.046875,-0.021305,-0.157657,-0.074567
600616,0.967773,0.267578,0.049805,-0.010653,-0.119308,-0.068176
601865,0.96875,0.273438,0.050781,0.004261,-0.078828,-0.063915
603112,0.960938,0.275391,0.052734,0.012783,-0.04261,-0.061784
604361,0.952148,0.274414,0.053711,0.023436,-0.004261,-0.055393
605611,0.952148,0.273438,0.052734,0.04048,0.027696,-0.044741
606858,0.947266,0.280273,0.052734,0.053262,0.066046,-0.036219
608107,0.93457,0.28125,0.053711,0.063915,0.104395,-0.025566
609355,0.930664,0.274414,0.051758,0.080959,0.136352,-0.012783
610604,0.933594,0.273438,0.048828,0.095872,0.164049,0.006391
611853,0.938477,0.270508,0.052734,0.106525,0.196006,0.021305
613103,0.9375,0.273438,0.056641,0.119308,0.227964,0.031957
614353,0.925781,0.276367,0.042969,0.129961,0.262051,0.044741
615599,0.920898,0.27832,0.041992,0.140613,0.291878,0.059654
616847,0.910156,0.279297,0.041016,0.147005,0.323836,0.074567
618097,0.90332,0.277344,0.041992,0.164049,0.355793,0.08735
619345,0.907227,0.289062,0.036133,0.176832,0.387751,0.102264
620595,0.894531,0.292969,0.040039,0.183223,0.415448,0.112917
621844,0.894531,0.298828,0.047852,0.196006,0.447405,0.123569
623091,0.886719,0.303711,0.047852,0.204528,0.479363,0.140613
624340,0.876953,0.298828,0.046875,0.21305,0.504929,0.155527
625588,0.880859,0.304688,0.050781,0.217311,0.528364,0.17044
626837,0.881836,0.308594,0.053711,0.227964,0.547539,0.187484
628087,0.871094,0.308594,0.050781,0.238616,0.570974,0.202398
629336,0.863281,0.31543,0.052734,0.251399,0.59441,0.21092
630583,0.865234,0.323242,0.053711,0.259921,0.611453,0.21092
631832,0.858398,0.328125,0.052734,0.268443,0.632759,0.217311
633082,0.851562,0.325195,0.055664,0.274834,0.654064,0.230094
634329,0.849609,0.324219,0.053711,0.281226,0.673238,0.238616
635578,0.84668,0.332031,0.054687,0.289748,0.690282,0.247138
636826,0.845703,0.332031,0.053711,0.291878,0.705195,0.259921
638075,0.844727,0.328125,0.055664,0.291878,0.72437,0.268443
639324,0.838867,0.335938,0.05957,0.296139,0.741414,0.274834
640574,0.837891,0.337891,0.057617,0.29827,0.762719,0.285487
641821,0.830078,0.339844,0.056641,0.306792,0.775502,0.294009
643070,0.826172,0.333984,0.058594,0.306792,0.788285,0.304662
644318,0.834961,0.333008,0.061523,0.306792,0.801068,0.315314
645567,0.836914,0.334961,0.064453,0.311053,0.815982,0.325966
646816,0.833984,0.331055,0.064453,0.311053,0.826634,0.325966
648066,0.833008,0.332031,0.061523,0.313184,0.837287,0.334489
649315,0.836914,0.331055,0.061523,0.313184,0.843678,0.334489
650562,0.84082,0.331055,0.064453,0.315314,0.85433,0.345141
651810,0.837891,0.331055,0.064453,0.317445,0.862853,0.347272
653061,0.831055,0.326172,0.063477,0.321705,0.871375,0.349402
654308,0.839844,0.333984,0.063477,0.323836,0.877766,0.347272
655557,0.837891,0.336914,0.05957,0.319575,0.89481,0.347272
656805,0.834961,0.336914,0.061523,0.315314,0.896941,0.34301
658054,0.838867,0.334961,0.06543,0.308922,0.899071,0.353663
659304,0.841797,0.325195,0.05957,0.304662,0.899071,0.368577
660551,0.84082,0.319336,0.060547,0.300401,0.905463,0.377099
661800,0.845703,0.322266,0.063477,0.29827,0.903332,0.38349
663049,0.850586,0.326172,0.067383,0.291878,0.901201,0.392012
664297,0.850586,0.329102,0.077148,0.283357,0.896941,0.396273
665546,0.852539,0.323242,0.082031,0.283357,0.892679,0.398404
666796,0.848633,0.316406,0.083008,0.276965,0.888418,0.404795
668043,0.847656,0.317383,0.081055,0.270574,0.873505,0.404795
669292,0.854492,0.321289,0.09082,0.262051,0.860722,0.406925
670541,0.848633,0.31543,0.087891,0.251399,0.845808,0.413317
671789,0.839844,0.310547,0.084961,0.236486,0.826634,0.417578
673038,0.841797,0.3125,0.088867,0.227964,0.81172,0.423969
674287,0.859375,0.301758,0.098633,0.217311,0.781894,0.430361
675535,0.868164,0.293945,0.099609,0.21305,0.754197,0.430361
676784,0.863281,0.289062,0.100586,0.21518,0.728631,0.432492
678033,0.859375,0.289062,0.104492,0.21518,0.705195,0.421839
679283,0.866211,0.285156,0.108398,0.21305,0.68176,0.409056
680530,0.865234,0.288086,0.114258,0.208789,0.658324,0.394143
681779,0.869141,0.285156,0.117187,0.21305,0.637019,0.38562
683027,0.871094,0.282227,0.112305,0.21518,0.619976,0.379229
684279,0.873047,0.282227,0.117187,0.21305,0.600801,0.372837
685525,0.873047,0.279297,0.116211,0.21092,0.583757,0.366446
686774,0.87207,0.28125,0.117187,0.204528,0.575235,0.366446
688022,0.870117,0.275391,0.121094,0.206658,0.560322,0.366446
689271,0.862305,0.270508,0.121094,0.21092,0.547539,0.370707
690521,0.865234,0.265625,0.120117,0.21518,0.543277,0.377099
691771,0.866211,0.265625,0.119141,0.21305,0.532625,0.38562
693017,0.868164,0.270508,0.12207,0.21518,0.526234,0.379229
694266,0.865234,0.264648,0.130859,0.221572,0.530494,0.377099
695514,0.867188,0.268555,0.129883,0.225833,0.530494,0.377099
696763,0.869141,0.269531,0.133789,0.223702,0.528364,0.370707
698013,0.866211,0.269531,0.139648,0.223702,0.526234,0.364316
699262,0.873047,0.269531,0.138672,0.221572,0.528364,0.360054
700509,0.870117,0.266602,0.137695,0.221572,0.521972,0.362185
701758,0.867188,0.265625,0.142578,0.219442,0.513451,0.366446
703008,0.864258,0.260742,0.144531,0.217311,0.504929,0.370707
704256,0.871094,0.249023,0.143555,0.21518,0.496407,0.377099
705504,0.876953,0.250977,0.143555,0.21518,0.483623,0.379229
706752,0.885742,0.251953,0.144531,0.21305,0.481493,0.377099
708001,0.889648,0.24707,0.145508,0.208789,0.481493,0.374968
709250,0.888672,0.254883,0.148437,0.208789,0.479363,0.370707
710498,0.887695,0.254883,0.151367,0.208789,0.479363,0.364316
711749,0.891602,0.253906,0.152344,0.204528,0.475102,0.355793
712996,0.895508,0.258789,0.150391,0.198136,0.472971,0.347272
714244,0.90332,0.256836,0.143555,0.191745,0.472971,0.345141
715495,0.905273,0.25293,0.146484,0.187484,0.472971,0.34088
716745,0.904297,0.251953,0.151367,0.183223,0.47084,0.332358
717991,0.90918,0.253906,0.148437,0.185354,0.472971,0.328097
719242,0.917969,0.256836,0.151367,0.183223,0.472971,0.325966
720488,0.921875,0.255859,0.150391,0.181092,0.475102,0.321705
721737,0.923828,0.249023,0.146484,0.181092,0.483623,0.317445
722985,0.929688,0.249023,0.149414,0.174701,0.490015,0.321705
724234,0.93457,0.24707,0.161133,0.17257,0.498537,0.323836
725484,0.935547,0.245117,0.162109,0.176832,0.509189,0.321705
726731,0.930664,0.254883,0.163086,0.17257,0.515581,0.317445
727980,0.926758,0.257812,0.165039,0.16831,0.528364,0.313184
729229,0.93457,0.254883,0.165039,0.174701,0.539017,0.306792
730479,0.93457,0.254883,0.170898,0.176832,0.549669,0.306792
731726,0.933594,0.254883,0.171875,0.178962,0.562452,0.304662
732975,0.938477,0.253906,0.171875,0.178962,0.577365,0.300401
734223,0.936523,0.258789,0.179687,0.181092,0.590148,0.300401
735472,0.935547,0.25293,0.185547,0.185354,0.600801,0.294009
736721,0.930664,0.25293,0.18457,0.191745,0.607193,0.289748
737969,0.929688,0.251953,0.188477,0.191745,0.617845,0.296139
739218,0.933594,0.251953,0.19043,0.187484,0.628498,0.29827
740467,0.936523,0.250977,0.194336,0.191745,0.632759,0.29827
741717,0.941406,0.25293,0.194336,0.191745,0.634889,0.29827
742964,0.94043,0.25,0.191406,0.198136,0.637019,0.300401
744213,0.949219,0.253906,0.19043,0.198136,0.634889,0.300401
745461,0.953125,0.248047,0.188477,0.193876,0.630628,0.304662
746712,0.953125,0.242188,0.186523,0.198136,0.624236,0.308922
747959,0.951172,0.241211,0.188477,0.200267,0.619976,0.300401
749208,0.959961,0.239258,0.182617,0.202398,0.617845,0.294009
750456,0.954102,0.238281,0.183594,0.202398,0.619976,0.294009
751705,0.959961,0.237305,0.180664,0.204528,0.619976,0.283357
752955,0.966797,0.241211,0.178711,0.21092,0.622106,0.270574
754205,0.964844,0.246094,0.179687,0.208789,0.628498,0.264182
755451,0.962891,0.24707,0.176758,0.21305,0.632759,0.259921
756700,0.963867,0.242188,0.169922,0.21518,0.634889,0.259921
757948,0.959961,0.239258,0.168945,0.21305,0.63915,0.266313
759197,0.96875,0.236328,0.166016,0.21305,0.637019,0.272704
760447,0.96875,0.237305,0.164062,0.21305,0.641281,0.274834
761696,0.976562,0.232422,0.169922,0.21305,0.649802,0.268443
762943,0.981445,0.227539,0.173828,0.217311,0.664716,0.259921
764192,0.980469,0.236328,0.177734,0.221572,0.677499,0.251399
765440,0.979492,0.239258,0.181641,0.225833,0.686021,0.247138
766689,0.975586,0.233398,0.181641,0.230094,0.694543,0.247138
767938,0.973633,0.229492,0.178711,0.230094,0.694543,0.245007
769188,0.980469,0.234375,0.1875,0.234355,0.700935,0.240747
770435,0.982422,0.229492,0.189453,0.242877,0.711587,0.234355
771684,0.987305,0.227539,0.192383,0.242877,0.72224,0.227964
772934,0.991211,0.231445,0.191406,0.245007,0.730761,0.21518
774183,0.993164,0.223633,0.1875,0.25353,0.737153,0.200267
775430,0.996094,0.222656,0.186523,0.259921,0.741414,0.196006
776678,1.000977,0.220703,0.1875,0.268443,0.754197,0.187484
777929,1.004883,0.21875,0.189453,0.279095,0.769111,0.176832
779176,1.003906,0.210938,0.191406,0.300401,0.790416,0.17044
780425,1.012695,0.212891,0.194336,0.317445,0.815982,0.164049
781673,1.016602,0.214844,0.195312,0.330228,0.839417,0.153396
782923,1.011719,0.214844,0.192383,0.345141,0.860722,0.140613
784172,1.016602,0.209961,0.192383,0.362185,0.886288,0.138483
785419,1.016602,0.207031,0.192383,0.374968,0.911854,0.136352
786668,1.015625,0.208984,0.189453,0.387751,0.941681,0.132091
787917,1.020508,0.206055,0.188477,0.406925,0.971508,0.132091
789165,1.025391,0.205078,0.180664,0.428231,1.005596,0.132091
790414,1.029297,0.206055,0.181641,0.449535,1.041815,0.129961
791663,1.036133,0.204102,0.179688,0.466579,1.080164,0.123569
792911,1.03418,0.197266,0.177734,0.487884,1.114251,0.119308
794160,1.029297,0.189453,0.174805,0.51132,1.15047,0.123569
795411,1.033203,0.1875,0.172852,0.536886,1.184558,0.129961
796659,1.039062,0.1875,0.169922,0.560322,1.216516,0.125699
797906,1.039062,0.182617,0.161133,0.581627,1.250603,0.12783
799155,1.041016,0.194336,0.158203,0.605062,1.291083,0.132091
800405,1.039062,0.1875,0.157227,0.617845,1.329432,0.132091
801654,1.035156,0.183594,0.158203,0.628498,1.36352,0.136352
802901,1.027344,0.183594,0.165039,0.63915,1.391217,0.140613
804149,1.018555,0.186523,0.175781,0.656194,1.414652,0.147005
805398,1.011719,0.189453,0.171875,0.686021,1.433827,0.144874
806647,1.006836,0.188477,0.169922,0.713718,1.455132,0.138483
807897,0.998047,0.192383,0.171875,0.739283,1.474306,0.134221
809146,0.993164,0.189453,0.172852,0.771241,1.499872,0.140613
810393,0.983398,0.188477,0.177734,0.801068,1.531829,0.142743
811642,0.974609,0.182617,0.179688,0.826634,1.568048,0.142743
812890,0.977539,0.185547,0.174805,0.845808,1.602136,0.144874
814139,0.963867,0.179688,0.171875,0.860722,1.642616,0.149135
815389,0.952148,0.180664,0.173828,0.882027,1.678834,0.159787
816639,0.936523,0.181641,0.170898,0.905463,1.710792,0.176832
817885,0.924805,0.183594,0.168945,0.924637,1.742749,0.181092
819134,0.920898,0.186523,0.166992,0.948072,1.776837,0.178962
820382,0.916016,0.192383,0.170898,0.973638,1.813055,0.17257
821631,0.911133,0.193359,0.171875,0.997074,1.845013,0.17257
822881,0.901367,0.192383,0.176758,1.014118,1.881231,0.16831
824130,0.884766,0.189453,0.18457,1.041815,1.923841,0.151265
825377,0.871094,0.186523,0.194336,1.069511,1.964321,0.142743
826626,0.863281,0.177734,0.200195,1.099338,2.000539,0.138483
827876,0.848633,0.171875,0.191406,1.118513,2.023975,0.140613
829123,0.837891,0.166992,0.193359,1.141948,2.04741,0.138483
830372,0.84082,0.157227,0.193359,1.173906,2.075107,0.125699
831620,0.838867,0.155273,0.197266,1.203733,2.111325,0.108656
832869,0.823242,0.162109,0.202148,1.231429,2.143283,0.095872
834118,0.804688,0.172852,0.208984,1.259126,2.17311,0.080959
835368,0.795898,0.15918,0.220703,1.297475,2.205068,0.066046
836617,0.779297,0.148438,0.225586,1.340084,2.241286,0.059654
837864,0.769531,0.150391,0.220703,1.372042,2.273243,0.049002
839112,0.748047,0.164062,0.201172,1.384825,2.296679,0.044741
840363,0.746094,0.19043,0.167969,1.365651,2.315854,0.029827
841610,0.75,0.195312,0.169922,1.335824,2.34568,0.019175
842858,0.750977,0.173828,0.204102,1.333693,2.38616,0.004261
844107,0.74707,0.172852,0.202148,1.342215,2.415987,0.002131
845356,0.742188,0.180664,0.18457,1.331562,2.445814,-0.008522
846606,0.740234,0.180664,0.181641,1.312388,2.482032,-0.025566
847853,0.731445,0.179688,0.174805,1.291083,2.51399,-0.04048
849102,0.704102,0.199219,0.144531,1.256995,2.535295,-0.051132
850352,0.692383,0.209961,0.139648,1.188819,2.550209,-0.046871
851599,0.686523,0.208984,0.142578,1.118513,2.569383,-0.046871
852848,0.693359,0.205078,0.143555,1.088685,2.592818,-0.063915
854097,0.682617,0.191406,0.180664,1.073772,2.611993,-0.061784
855345,0.668945,0.19043,0.1875,1.067381,2.633298,-0.055393
856594,0.644531,0.194336,0.173828,1.026901,2.631168,-0.046871
857843,0.626953,0.194336,0.163086,0.969378,2.631168,-0.021305
859093,0.611328,0.193359,0.172852,0.924637,2.633298,-0.006391
860340,0.628906,0.198242,0.162109,0.916115,2.654603,-0.012783
861589,0.647461,0.211914,0.148438,0.918246,2.692952,-0.034088
862839,0.647461,0.231445,0.141602,0.903332,2.735562,-0.055393
864086,0.634766,0.240234,0.135742,0.867113,2.765389,-0.063915
865335,0.624023,0.236328,0.146484,0.830895,2.784563,-0.057523
866583,0.612305,0.231445,0.164062,0.822373,2.799477,-0.055393
867832,0.599609,0.227539,0.166992,0.807459,2.807999,-0.063915
869081,0.603516,0.224609,0.152344,0.801068,2.846348,-0.070306
870329,0.616211,0.210938,0.160156,0.822373,2.89535,-0.078828
871580,0.624023,0.209961,0.158203,0.864983,2.944351,-0.095872
872827,0.610352,0.22168,0.134766,0.890549,2.986961,-0.102264
874076,0.578125,0.243164,0.089844,0.89481,3.02744,-0.104395
875324,0.576172,0.263672,0.070312,0.886288,3.072181,-0.102264
876573,0.554688,0.283203,0.0625,0.877766,3.116922,-0.102264
877823,0.539062,0.300781,0.060547,0.869244,3.165923,-0.095872
879072,0.522461,0.325195,0.074219,0.856461,3.227708,-0.083089
880319,0.524414,0.34375,0.076172,0.839417,3.293753,-0.061784
881568,0.524414,0.341797,0.09375,0.822373,3.389626,-0.023436
882816,0.529297,0.322266,0.132812,0.860722,3.479106,0.012783
884065,0.519531,0.306641,0.145508,0.935289,3.553674,0.025566
885315,0.519531,0.308594,0.137695,1.007726,3.62185,0.010653
886562,0.512695,0.311523,0.12207,1.056728,3.677243,0.012783
887811,0.501953,0.325195,0.084961,1.071641,3.719853,0.036219
889060,0.47168,0.354492,0.001953,1.050337,3.756072,0.080959
890310,0.458984,0.374023,-0.037109,1.009857,3.796551,0.136352
891557,0.458984,0.367188,-0.024414,0.990683,3.862596,0.193876
892806,0.46582,0.351562,0.017578,1.018379,3.935033,0.247138
894054,0.478516,0.382812,0.041992,1.060989,4.001079,0.291878
895303,0.494141,0.40332,0.052734,1.097208,4.069255,0.300401
896552,0.519531,0.422852,0.06543,1.127034,4.154475,0.281226
897802,0.535156,0.436523,0.05957,1.1526,4.25887,0.279095
899051,0.484375,0.472656,-0.009766,1.171775,4.352612,0.289748
900298,0.46582,0.460938,0.005859,1.210124,4.435701,0.308922
901546,0.450195,0.450195,0.037109,1.274039,4.506007,0.345141
902797,0.44043,0.464844,0.030273,1.325171,4.567792,0.362185
904044,0.405273,0.518555,-0.036133,1.335824,4.625316,0.372837
905292,0.40332,0.532227,-0.035156,1.32091,4.682839,0.394143
906541,0.40625,0.546875,-0.012695,1.305997,4.755276,0.436752
907793,0.430664,0.545898,0.043945,1.333693,4.85541,0.472971
909040,0.458984,0.544922,0.082031,1.393347,4.974717,0.477232
910287,0.450195,0.532227,0.079102,1.474306,5.096156,0.472971
911536,0.427734,0.530273,0.051758,1.553135,5.204811,0.475102
912785,0.393555,0.537109,0.012695,1.600005,5.296423,0.472971
914033,0.328125,0.573242,-0.043945,1.634094,5.366729,0.481493
915284,0.297852,0.589844,-0.060547,1.651137,5.434906,0.492146
916532,0.267578,0.616211,-0.091797,1.644746,5.503082,0.504929
917779,0.242188,0.647461,-0.12793,1.610658,5.573388,0.532625
919028,0.18457,0.695312,-0.152344,1.542482,5.643694,0.581627
920277,0.208984,0.693359,-0.084961,1.476436,5.760872,0.645541
921525,0.256836,0.68457,-0.00293,1.472176,5.901485,0.68389
922774,0.256836,0.702148,0.014648,1.499872,6.022924,0.688152
924024,0.170898,0.720703,-0.088867,1.514786,6.116665,0.700935
925271,0.126953,0.728516,-0.134766,1.510525,6.182711,0.728631
926520,0.082031,0.754883,-0.185547,1.489219,6.227451,0.747806
927769,0.045898,0.772461,-0.219727,1.461523,6.267931,0.775502
929019,0,0.786133,-0.167969,1.44661,6.321193,0.818112
930266,-0.005859,0.790039,-0.128906,1.455132,6.393631,0.867113
931515,-0.023438,0.80957,-0.129883,1.453001,6.468198,0.909724
932763,-0.053711,0.835938,-0.166016,1.425304,6.542765,0.948072
934013,-0.129883,0.87207,-0.220703,1.378434,6.613072,1.005596
935261,-0.150391,0.904297,-0.229492,1.32091,6.676987,1.063119
936510,-0.183594,0.917969,-0.220703,1.282561,6.755815,1.114251
937758,-0.198242,0.894531,-0.174805,1.299605,6.845296,1.184558
939007,-0.212891,0.904297,-0.151367,1.335824,6.921995,1.244212
940258,-0.242188,0.931641,-0.194336,1.327301,6.985909,1.269778
941506,-0.294922,0.958984,-0.243164,1.276169,7.024259,1.301735
942753,-0.361328,0.983398,-0.289063,1.203733,7.045564,1.359259
944002,-0.408203,0.992188,-0.258789,1.120643,7.094565,1.453001
945250,-0.402344,0.979492,-0.178711,1.088685,7.186177,1.542482
946499,-0.402344,0.96875,-0.133789,1.092947,7.277788,1.610658
947750,-0.396484,0.957031,-0.081055,1.090816,7.388574,1.693747
948998,-0.396484,1.003906,-0.050781,1.112121,7.473794,1.725705
950245,-0.477539,1.042969,-0.160156,1.139817,7.505751,1.723575
951494,-0.571289,1.050781,-0.248047,1.120643,7.520665,1.770446
952742,-0.608398,1.03418,-0.22168,1.103599,7.546231,1.849274
953991,-0.623047,1.047852,-0.126953,1.103599,7.571797,1.906797
955240,-0.651367,1.067383,-0.119141,1.101468,7.590972,1.953669
956490,-0.701172,1.089844,-0.149414,1.080164,7.588841,2.021844
957737,-0.762695,1.101562,-0.1875,1.052467,7.58671,2.121978
958986,-0.78125,1.09082,-0.167969,1.043945,7.62719,2.228503
960237,-0.767578,1.111328,-0.131836,1.041815,7.699627,2.317984
961485,-0.783203,1.152344,-0.162109,1.02264,7.748628,2.369116
962732,-0.841797,1.172852,-0.217773,0.973638,7.772064,2.452205
963980,-0.917969,1.203125,-0.239258,0.896941,7.789108,2.571514
965231,-0.920898,1.228516,-0.237305,0.828765,7.812544,2.688691
966478,-0.924805,1.220703,-0.224609,0.805329,7.872198,2.784563
967726,-0.921875,1.199219,-0.196289,0.833025,7.957418,2.861261
968975,-0.935547,1.246094,-0.224609,0.845808,8.042637,2.929438
970227,-0.964844,1.275391,-0.256836,0.835156,8.121466,3.001875
971474,-1.014648,1.293945,-0.295898,0.837287,8.18325,3.082834
972721,-1.075195,1.318359,-0.371094,0.835156,8.234383,3.165923
973970,-1.136719,1.349609,-0.419922,0.788285,8.328124,3.287361
975219,-1.117188,1.337891,-0.323242,0.72437,8.472998,3.436497
976467,-1.091797,1.347656,-0.253906,0.705195,8.64983,3.57711
977716,-1.104492,1.369141,-0.265625,0.703065,8.816009,3.709201
978966,-1.191406,1.404297,-0.385742,0.705195,8.963014,3.837031
980213,-1.250977,1.422852,-0.452148,0.675369,9.073799,3.973383
981462,-1.318359,1.445312,-0.515625,0.605062,9.133453,4.101212
982711,-1.375977,1.455078,-0.53125,0.55606,9.163281,4.229043
983961,-1.453125,1.456055,-0.498047,0.55606,9.190977,4.365394
985208,-1.458008,1.474609,-0.493164,0.562452,9.254892,4.503877
986457,-1.46875,1.494141,-0.472656,0.549669,9.37207,4.657273
987707,-1.478516,1.504883,-0.447266,0.528364,9.512683,4.844757
988954,-1.53125,1.53418,-0.399414,0.524103,9.653296,5.040763
990203,-1.551758,1.558594,-0.385742,0.519842,9.79817,5.228247
991451,-1.581055,1.589844,-0.386719,0.564582,9.93026,5.383774
992702,-1.616211,1.623047,-0.396484,0.647672,10.066612,5.505212
993949,-1.678711,1.71875,-0.422852,0.709457,10.222139,5.626651
995197,-1.750977,1.756836,-0.447266,0.773371,10.35636,5.75022
996448,-1.813477,1.793945,-0.464844,0.843678,10.488452,5.910007
997695,-1.855469,1.844727,-0.483398,0.89481,10.665283,6.103883
998944,-1.890625,1.977539,-0.466797,0.954464,10.871942,6.284975
1000192,-1.9375,2.055664,-0.478516,1.020509,11.08073,6.43411
1001441,-1.999023,2.135742,-0.521484,1.054598,11.270345,6.589637
1002691,-2.061523,2.203125,-0.598633,1.039684,11.425871,6.798426
1003938,-2.188477,2.37207,-0.711914,0.997074,11.555832,7.026389
1005187,-2.240234,2.469727,-0.725586,0.956595,11.683662,7.265005
1006437,-2.271484,2.557617,-0.746094,0.922507,11.84558,7.505751
1007684,-2.282227,2.644531,-0.777344,0.905463,12.037325,7.737976
1008933,-2.330078,2.789062,-0.836914,0.918246,12.216287,7.985114
1010183,-2.363281,2.888672,-0.896484,0.93955,12.384597,8.255688
1011430,-2.390625,3.022461,-0.967773,0.888418,12.555036,8.553957
1012679,-2.410156,3.134766,-1.009766,0.786154,12.710563,8.869271
1013928,-2.425781,3.300781,-1.055664,0.700935,12.851176,9.16115
1015178,-2.424805,3.410156,-1.100586,0.609323,12.972615,9.457289
1016425,-2.424805,3.521484,-1.154297,0.509189,13.102575,9.772604
1017674,-2.395508,3.610352,-1.189453,0.421839,13.273015,10.102831
1018925,-2.357422,3.727539,-1.319336,0.357924,13.458369,10.471407
1020171,-2.30957,3.792969,-1.40625,0.291878,13.665027,10.876202
1021420,-2.234375,3.887695,-1.482422,0.21518,13.912165,11.278867
1022670,-2.183594,3.962891,-1.556641,0.151265,14.195521,11.677271
1023917,-2.024414,4.110352,-1.689453,0.104395,14.53001,12.05863
1025166,-1.984375,4.206055,-1.795898,0.031957,14.864498,12.414423
1026416,-1.932617,4.288086,-1.90332,-0.068176,15.2139,12.774478
1027665,-1.851562,4.344727,-1.973633,-0.164049,15.614434,13.153707
1028912,-1.732422,4.454102,-2.131836,-0.238616,16.042665,13.537197
1030161,-1.695312,4.519531,-2.216797,-0.319575,16.483678,13.950514
1031411,-1.669922,4.563477,-2.30957,-0.409056,16.941736,14.40218
1032658,-1.635742,4.601562,-2.401367,-0.475102,17.440273,14.862368
1033907,-1.584961,4.708984,-2.572266,-0.532625,17.964376,15.307643
1035155,-1.59668,4.769531,-2.69043,-0.588018,18.462913,15.742265
1036405,-1.580078,4.827148,-2.793945,-0.632759,18.987016,16.196061
1037653,-1.527344,4.87793,-2.890625,-0.647672,19.589948,16.639205
1038901,-1.510742,4.969727,-3.112305,-0.641281,20.229098,17.093001
1040150,-1.556641,5.014648,-3.242188,-0.624236,20.859725,17.593669
1041399,-1.592773,5.086914,-3.388672,-0.643411,21.486093,18.079423
1042647,-1.625,5.173828,-3.532227,-0.711587,22.11672,18.511914
1043896,-1.734375,5.263672,-3.782227,-0.771241,22.785698,18.96145
1045145,-1.834961,5.28125,-3.917969,-0.794677,23.47598,19.481292
1046393,-1.939453,5.295898,-4.052734,-0.788285,24.170523,20.009656
1047642,-2.036133,5.306641,-4.196289,-0.801068,24.873587,20.546542
1048891,-2.267578,5.363281,-4.481445,-0.820242,25.583044,21.09195
1050139,-2.432617,5.391602,-4.612305,-0.801068,26.283978,21.662924
1051390,-2.615234,5.433594,-4.746094,-0.741414,26.987043,22.259464
1052637,-2.791016,5.495117,-4.864258,-0.645541,27.715674,22.860265
1053885,-3.224609,5.692383,-5.063477,-0.528364,28.448567,23.469588
1055136,-3.496094,5.835938,-5.164062,-0.432492,29.164414,24.127913
1056383,-3.786133,5.999023,-5.251953,-0.362185,29.86748,24.84163
1057632,-4.092773,6.15918,-5.314453,-0.291878,30.538587,25.585175
1058882,-4.744141,6.461914,-5.456055,-0.191745,31.207564,26.313806
1060129,-5.128906,6.595703,-5.512695,-0.157657,31.82967,27.14257
1061378,-5.485352,6.758789,-5.541992,-0.157657,32.379339,27.99477
1062628,-5.845703,6.946289,-5.574219,-0.142743,32.886398,28.832057
1063875,-6.72168,7.28418,-5.729492,-0.129961,33.348717,29.714084
1065124,-7.176758,7.44043,-5.830078,-0.155527,33.74712,30.63446
1066375,-7.625,7.605469,-5.932617,-0.223702,34.075217,31.586793
1067621,-8.077148,7.758789,-6.026367,-0.319575,34.369226,32.560431
1068870,-9.089844,7.96582,-6.194336,-0.400534,34.631278,33.563897
1070118,-9.611328,7.985352,-6.265625,-0.451666,34.791065,34.578015
1071367,-10.12207,7.982422,-6.34082,-0.466579,34.878416,35.585741
1072616,-10.630859,7.967773,-6.397461,-0.455927,34.910373,36.572163
1073864,-11.664062,7.992188,-6.445313,-0.462319,34.850719,37.503191
1075113,-12.188477,8.018555,-6.43457,-0.502798,34.701584,38.38948
1076362,-12.710938,8.037109,-6.412109,-0.583757,34.460838,39.220374
1077610,-13.230469,8.041016,-6.353516,-0.694543,34.090131,39.921309
1078860,-14.222656,8.009766,-6.15332,-0.815982,33.578811,40.475239
1080108,-14.660156,7.981445,-5.989258,-0.958725,32.903442,40.873643
1081356,-15.027344,8.001953,-5.779297,-1.176036,32.036329,41.073909
1082607,-15.357422,8.081055,-5.558594,-1.529699,30.949773,41.050474
1083854,-15.851562,8.208984,-5.057617,-1.983496,29.630994,40.843815
1085102,-15.938477,8.254883,-4.78125,-2.511859,28.111947,40.47737
1086353,-15.912109,8.261719,-4.493164,-3.087095,26.430983,39.88296
1087600,-15.74707,8.217773,-4.223633,-3.698548,24.58597,38.968975
1088848,-13.783203,7.493164,-3.735352,-4.608271,22.792089,37.081353
1090097,-14.256836,4.076172,-1.81543,-6.47459,26.465071,32.585997
1091349,-31.837891,-0.024414,17.396484,6.792034,45.816403,27.09996
1092596,-15.998047,13.450195,30.977539,24.592361,62.63883,11.815753
1093843,-15.998047,23.102539,-16.124023,8.909751,56.081151,8.110814
1095092,-15.998047,8.30957,-31.101562,-27.913811,18.166774,3.592023
1096342,-15.998047,-4.513672,-26.417969,-50.514155,-20.561456,-10.526801
1097589,-31.388672,-10.374023,-12.741211,-47.695504,-36.299459,-19.779562
1098838,-17.246094,-9.09082,7.918945,-34.520491,-40.513588,-17.8962
1100088,-4.547852,-10.040039,12.800781,-24.170523,-39.427033,-17.55532
1101335,0.280273,-13.620117,10.226562,-15.940401,-38.170038,-17.308182
1102584,1.094727,-13.21582,10.313477,-10.718545,-39.476034,-17.178221
1103834,3.641602,-7.317383,9.427734,-11.16382,-39.405728,-13.362496
1105081,12.197266,-7.110352,2.489258,-10.805896,-29.777998,-8.686049
1106330,16.394531,-6.806641,-2.614258,-6.740902,-14.853846,-4.670056
1107579,12.970703,-4.933594,-1.969727,-1.672443,-3.587762,2.239155
1108827,4.844727,-3.289062,3.416992,3.114791,4.171519,10.450102
1110076,3.648438,-3.229492,3.8125,6.764337,11.24904,17.531885
1111325,3.27832,-2.524414,2.842773,9.039711,17.772631,23.872253
1112573,2.541992,-1.758789,1.53418,10.869811,22.608866,29.746041
1113824,-1.080078,-0.667969,0.164063,12.821349,25.216598,34.083739
1115071,-3.232422,-0.066406,0.108398,14.157172,25.793964,36.265371
1116319,-5.09668,0.755859,0.526367,13.93347,24.811803,36.655253
1117570,-6.621094,1.884766,1.21582,12.073543,22.683433,35.950057
1118817,-8.427734,4.540039,2.291016,9.425332,19.64534,34.609972
1120065,-8.429688,5.609375,2.504883,6.941169,15.976619,32.986531
1121316,-7.875,6.368164,2.709961,5.164332,12.177938,31.205434
1122563,-7.120117,6.969727,2.789062,3.907337,8.65196,29.251765
1123811,-5.568359,8.320312,1.423828,2.518251,5.417861,27.093568
1125062,-4.84375,8.741211,0.418945,0.869244,2.462858,24.865066
1126309,-4.244141,8.800781,-0.425781,-0.7265,-0.157657,22.887961
1127558,-3.679688,8.511719,-0.979492,-2.026105,-2.424509,21.26239
1128809,-2.199219,7.206055,-1.481445,-3.050876,-4.286566,19.845607
1130055,-1.180664,6.352539,-1.611328,-3.941425,-5.652216,18.456522
1131304,-0.004883,5.413086,-1.736328,-4.836235,-6.440501,17.137742
1132554,1.273438,4.479492,-1.823242,-5.468993,-6.653551,15.776352
1133801,3.870117,2.536133,-2.003906,-5.976052,-6.327585,14.474617
1135050,5.101562,1.450195,-2.084961,-6.585375,-5.58191,13.298581
1136300,6.288086,0.496094,-2.060547,-6.828252,-4.512399,11.93293
1137547,7.27832,-0.352539,-1.994141,-6.583245,-3.206402,10.471407
1138796,8.668945,-1.629883,-1.665039,-6.071925,-1.70653,9.148367
1140046,9.091797,-2.012695,-1.266602,-5.419992,-0.021305,7.9702
1141293,9.28125,-2.185547,-0.805664,-4.691361,1.723575,6.966735
1142542,9.21582,-2.119141,-0.439453,-4.04795,3.344885,6.108143
1143792,8.541016,-1.508789,0.163086,-3.476976,4.738232,5.294293
1145039,7.96582,-1.069336,0.271484,-2.927307,5.856745,4.520921
1146288,7.28418,-0.612305,0.25293,-2.473511,6.691901,3.822117
1147538,6.539062,-0.173828,0.197266,-2.121978,7.279918,3.157401
1148785,4.963867,0.671875,-0.054688,-1.876971,7.629321,2.492685
1150034,4.167969,1.091797,-0.208984,-1.783229,7.759281,1.815186
1151282,3.378906,1.510742,-0.351563,-1.845013,7.695366,1.124904
1152533,2.619141,1.913086,-0.459961,-2.041019,7.480186,0.451666
1153780,1.266602,2.631836,-0.608398,-2.364855,7.164872,-0.206658
1155029,0.676758,2.898438,-0.634766,-2.784563,6.798426,-0.815982
1156279,0.160156,3.088867,-0.615234,-3.242621,6.393631,-1.348607
1157526,-0.290039,3.235352,-0.592773,-3.711331,5.961139,-1.793881
1158775,-0.96875,3.350586,-0.520508,-4.173649,5.528647,-2.126239
1160025,-1.214844,3.326172,-0.470703,-4.612533,5.089765,-2.322245
1161272,-1.393555,3.25,-0.420898,-5.010936,4.655143,-2.352072
1162521,-1.495117,3.119141,-0.369141,-5.336902,4.290827,-2.239155
1163769,-1.591797,2.730469,-0.274414,-5.592562,4.009601,-2.0048
1165018,-1.608398,2.506836,-0.230469,-5.777916,3.813595,-1.649007
1166268,-1.614258,2.270508,-0.185547,-5.861006,3.70494,-1.19521
1167515,-1.604492,2.026367,-0.139648,-5.843961,3.692156,-0.666847
1168764,-1.585938,1.544922,-0.041992,-5.758742,3.766724,-0.089481
1170013,-1.606445,1.328125,0.019531,-5.633042,3.898815,0.541147
1171261,-1.617188,1.128906,0.068359,-5.486038,4.073516,1.19308
1172510,-1.634766,0.947266,0.116211,-5.309206,4.280175,1.840752
1173759,-1.692383,0.682617,0.217773,-5.108939,4.503877,2.488424
1175007,-1.729492,0.592773,0.270508,-4.889498,4.699883,3.119052
1176256,-1.761719,0.541016,0.317383,-4.672187,4.851148,3.690026
1177505,-1.788086,0.52832,0.358398,-4.478311,4.978979,4.211998
1178753,-1.856445,0.548828,0.389648,-4.310002,5.06846,4.680708
1180002,-1.87207,0.576172,0.389648,-4.184302,5.106808,5.066329
1181251,-1.875,0.611328,0.395508,-4.084168,5.128114,5.392296
1182499,-1.852539,0.649414,0.428711,-3.96273,5.153679,5.656478
1183750,-1.801758,0.744141,0.433594,-3.841292,5.134505,5.850353
1184997,-1.731445,0.807617,0.431641,-3.768855,5.079112,5.939834
1186245,-1.643555,0.837891,0.429687,-3.721983,5.004544,5.939834
1187496,-1.546875,0.858398,0.410156,-3.700678,4.912933,5.873788
1188743,-1.307617,0.890625,0.376953,-3.692156,4.804278,5.737437
1189992,-1.206055,0.883789,0.380859,-3.683635,4.706275,5.543561
1191242,-1.104492,0.878906,0.37793,-3.70707,4.595489,5.330511
1192489,-1.007812,0.862305,0.37207,-3.747549,4.47618,5.081243
1193738,-0.791992,0.788086,0.383789,-3.773115,4.378177,4.808539
1194988,-0.694336,0.753906,0.379883,-3.794421,4.286566,4.520921
1196235,-0.59375,0.711914,0.395508,-3.785899,4.207738,4.222651
1197484,-0.505859,0.650391,0.416992,-3.756072,4.148084,3.937164
1198734,-0.367188,0.575195,0.413086,-3.711331,4.096952,3.668721
1199981,-0.298828,0.553711,0.418945,-3.681504,4.043689,3.383234
1201230,-0.270508,0.520508,0.436523,-3.649547,3.984035,3.11053
1202480,-0.265625,0.498047,0.469727,-3.630372,3.915859,2.869784
1203727,-0.283203,0.484375,0.522461,-3.617589,3.843422,2.639689
1204976,-0.297852,0.46582,0.532227,-3.604806,3.775246,2.433031
1206226,-0.310547,0.462891,0.541016,-3.568588,3.713462,2.254069
1207473,-0.334961,0.459961,0.542969,-3.496151,3.647416,2.098543
1208722,-0.421875,0.47168,0.543945,-3.415192,3.574979,1.964321
1209972,-0.479492,0.503906,0.532227,-3.344885,3.483367,1.845013
1211219,-0.546875,0.536133,0.513672,-3.300145,3.372581,1.74914
1212468,-0.611328,0.557617,0.5,-3.266056,3.242621,1.676703
1213718,-0.709961,0.625,0.477539,-3.24049,3.123313,1.61918
1214965,-0.770508,0.657227,0.454102,-3.23836,2.993352,1.578701
1216214,-0.8125,0.681641,0.428711,-3.272448,2.842087,1.559526
1217464,-0.834961,0.699219,0.423828,-3.315058,2.669516,1.551004
1218711,-0.885742,0.696289,0.427734,-3.340624,2.490555,1.559526
1219960,-0.893555,0.69043,0.431641,-3.338494,2.320114,1.585092
1221210,-0.919922,0.685547,0.439453,-3.300145,2.141153,1.606397
1222457,-0.941406,0.677734,0.451172,-3.229838,1.955799,1.631963
1223706,-0.949219,0.69043,0.449219,-3.15314,1.772576,1.66392
1224956,-0.947266,0.699219,0.423828,-3.089225,1.608528,1.689487
1226203,-0.952148,0.706055,0.387695,-3.042354,1.453001,1.717183
1227452,-0.948242,0.711914,0.353516,-3.014658,1.305997,1.759793
1228702,-0.938477,0.717773,0.270508,-3.021049,1.171775,1.810925
1229949,-0.897461,0.723633,0.250977,-3.029571,1.054598,1.838621
1231198,-0.860352,0.734375,0.226562,-3.040224,0.928898,1.83223
1232447,-0.830078,0.743164,0.202148,-3.048745,0.807459,1.802403
1233695,-0.753906,0.6875,0.208008,-3.02744,0.732892,1.802403
1234944,-0.719727,0.662109,0.202148,-2.991222,0.692412,1.813055
1236193,-0.689453,0.641602,0.183594,-2.976309,0.673238,1.815186
1237441,-0.668945,0.621094,0.160156,-2.986961,0.630628,1.802403
1238690,-0.621094,0.59375,0.15625,-2.999744,0.562452,1.770446
1239939,-0.59375,0.577148,0.178711,-3.001875,0.483623,1.717183
1241187,-0.573242,0.545898,0.191406,-2.995483,0.411187,1.668181
1242436,-0.563477,0.514648,0.193359,-3.010397,0.347272,1.629833
1243685,-0.521484,0.472656,0.188477,-3.046615,0.281226,1.572309
1244933,-0.484375,0.454102,0.197266,-3.072181,0.208789,1.482828
1246184,-0.459961,0.439453,0.210937,-3.074311,0.136352,1.382694
1247431,-0.461914,0.412109,0.223633,-3.06579,0.080959,1.310258
1248681,-0.435547,0.368164,0.254883,-3.038093,0.051132,1.229299
1249928,-0.420898,0.344727,0.257812,-3.008266,0.025566,1.146209
1251177,-0.415039,0.317383,0.267578,-2.972047,0.002131,1.067381
1252427,-0.415039,0.296875,0.289062,-2.927307,-0.04048,0.999205
1253674,-0.446289,0.224609,0.291016,-2.908133,-0.08735,0.960855
1254923,-0.462891,0.202148,0.286133,-2.923046,-0.119308,0.93955
1256173,-0.46582,0.191406,0.288086,-2.950743,-0.164049,0.905463
1257420,-0.454102,0.172852,0.303711,-2.948612,-0.202398,0.873505
1258670,-0.449219,0.130859,0.330078,-2.927307,-0.225833,0.858591
1259918,-0.451172,0.118164,0.328125,-2.914524,-0.232225,0.845808
1261168,-0.450195,0.103516,0.338867,-2.893219,-0.232225,0.837287
1262415,-0.443359,0.085938,0.368164,-2.844218,-0.225833,0.826634
1263664,-0.469727,0.03125,0.376953,-2.793086,-0.234355,0.828765
1264915,-0.481445,0.00293,0.385742,-2.724909,-0.245007,0.8522
1266161,-0.484375,-0.014648,0.386719,-2.660995,-0.236486,0.890549
1267410,-0.481445,-0.018555,0.380859,-2.605602,-0.221572,0.926767
1268660,-0.501953,-0.025391,0.353516,-2.573644,-0.191745,0.986422
1269907,-0.519531,-0.029297,0.337891,-2.575775,-0.161918,1.067381
1271156,-0.511719,-0.019531,0.337891,-2.588557,-0.134221,1.139817
1272406,-0.489258,-0.013672,0.356445,-2.592818,-0.104395,1.178167
1273653,-0.462891,-0.005859,0.389648,-2.582166,-0.080959,1.201602
1274902,-0.454102,-0.009766,0.400391,-2.560861,-0.068176,1.239951
1276152,-0.448242,-0.012695,0.421875,-2.528904,-0.068176,1.261256
1277399,-0.442383,-0.017578,0.445312,-2.484163,-0.078828,1.274039
1278648,-0.424805,-0.037109,0.476562,-2.443684,-0.095872,1.280431
1279898,-0.417969,-0.048828,0.487305,-2.401073,-0.106525,1.288952
1281145,-0.405273,-0.055664,0.489258,-2.366986,-0.108656,1.293214
1282394,-0.380859,-0.063477,0.486328,-2.328636,-0.091611,1.299605
1283644,-0.332031,-0.067383,0.481445,-2.296679,-0.080959,1.288952
1284891,-0.305664,-0.077148,0.474609,-2.271113,-0.061784,1.2783
1286140,-0.28125,-0.082031,0.467773,-2.247677,-0.029827,1.269778
1287390,-0.266602,-0.076172,0.460938,-2.21785,0.004261,1.259126
1288637,-0.256836,-0.061523,0.455078,-2.188023,0.038349,1.250603
1289886,-0.251953,-0.054687,0.459961,-2.160327,0.066046,1.23569
1291136,-0.240234,-0.049805,0.460938,-2.128369,0.089481,1.23569
1292385,-0.229492,-0.041992,0.457031,-2.094282,0.117178,1.23569
1293632,-0.192383,-0.037109,0.43457,-2.062324,0.159787,1.23782
1294882,-0.172852,-0.033203,0.423828,-2.030366,0.200267,1.233559
1296129,-0.148438,-0.030273,0.421875,-1.996279,0.234355,1.214385
1297378,-0.134766,-0.029297,0.422852,-1.96006,0.270574,1.186689
1298627,-0.106445,-0.027344,0.416992,-1.930233,0.315314,1.161123
1299875,-0.092773,-0.022461,0.415039,-1.908928,0.366446,1.135557
1301126,-0.060547,-0.011719,0.445312,-1.853535,0.413317,1.095077
1302373,-0.052734,-0.027344,0.439453,-1.836491,0.46871,1.080164
1303621,-0.080078,-0.042969,0.40625,-1.851405,0.517711,1.086555
1304870,-0.060547,-0.040039,0.421875,-1.845013,0.566713,1.082294
1306119,-0.048828,-0.035156,0.444336,-1.808795,0.609323,1.043945
1307367,-0.041016,-0.026367,0.450195,-1.766185,0.645541,1.016249
1308619,-0.047852,-0.020508,0.421875,-1.74914,0.68176,0.997074
1309865,-0.046875,-0.017578,0.425781,-1.729966,0.709457,0.9779
1311113,-0.051758,-0.008789,0.426758,-1.70653,0.728631,0.954464
1312364,-0.054688,0.006836,0.421875,-1.685226,0.747806,0.933159
1313611,-0.0625,0.036133,0.422852,-1.670312,0.754197,0.916115
1314861,-0.067383,0.054688,0.428711,-1.65966,0.749936,0.899071
1316108,-0.074219,0.061523,0.435547,-1.655398,0.752066,0.871375
1317357,-0.074219,0.060547,0.433594,-1.653268,0.762719,0.85007
1318607,-0.064453,0.058594,0.442383,-1.644746,0.777633,0.815982
1319854,-0.055664,0.061523,0.446289,-1.638354,0.794677,0.790416
1321103,-0.067383,0.0625,0.443359,-1.634094,0.807459,0.771241
1322352,-0.076172,0.0625,0.438477,-1.629833,0.803199,0.754197
1323600,-0.086914,0.06543,0.447266,-1.623441,0.794677,0.737153
1324849,-0.095703,0.064453,0.447266,-1.61705,0.779763,0.715848
1326098,-0.097656,0.058594,0.453125,-1.608528,0.769111,0.698804
1327346,-0.110352,0.051758,0.464844,-1.600005,0.754197,0.690282
1328595,-0.12207,0.042969,0.478516,-1.585092,0.732892,0.686021
1329844,-0.12207,0.036133,0.489258,-1.561657,0.709457,0.671107
1331092,-0.125,0.037109,0.499023,-1.551004,0.690282,0.658324
1332343,-0.126953,0.027344,0.503906,-1.544612,0.668977,0.654064
1333590,-0.138672,0.016602,0.526367,-1.53396,0.637019,0.658324
1334838,-0.136719,0.020508,0.536133,-1.510525,0.59867,0.647672
1336089,-0.131836,0.019531,0.539062,-1.478567,0.562452,0.63915
1337336,-0.123047,0.014648,0.538086,-1.455132,0.539017,0.628498
1338584,-0.12793,0.012695,0.539062,-1.431696,0.504929,0.605062
1339835,-0.132812,0.006836,0.540039,-1.418913,0.464449,0.579496
1341082,-0.138672,0.009766,0.541016,-1.399738,0.421839,0.55606
1342331,-0.144531,0.017578,0.546875,-1.386956,0.379229,0.534756
1343581,-0.15332,0.004883,0.553711,-1.36352,0.334489,0.515581
1344828,-0.162109,-0.006836,0.564453,-1.352868,0.29827,0.513451
1346077,-0.171875,-0.021484,0.572266,-1.357128,0.25566,0.524103
1347327,-0.176758,-0.026367,0.579102,-1.354998,0.21305,0.528364
1348574,-0.172852,-0.050781,0.589844,-1.344345,0.176832,0.519842
1349823,-0.166992,-0.063477,0.601562,-1.325171,0.147005,0.513451
1351073,-0.162109,-0.072266,0.612305,-1.293214,0.112917,0.517711
1352320,-0.155273,-0.081055,0.620117,-1.267648,0.083089,0.51132
1353569,-0.147461,-0.110352,0.638672,-1.244212,0.055393,0.500668
1354819,-0.147461,-0.12793,0.652344,-1.216516,0.023436,0.490015
1356066,-0.142578,-0.142578,0.661133,-1.188819,-0.010653,0.479363
1357315,-0.141602,-0.157227,0.671875,-1.173906,-0.051132,0.458058
1358565,-0.124023,-0.179687,0.700195,-1.158992,-0.093742,0.430361
1359812,-0.12207,-0.195312,0.711914,-1.135557,-0.12783,0.413317
1361061,-0.111328,-0.207031,0.726562,-1.101468,-0.161918,0.394143
1362309,-0.105469,-0.220703,0.740234,-1.058858,-0.208789,0.374968
1363560,-0.100586,-0.236328,0.755859,-1.007726,-0.25353,0.347272
1364807,-0.110352,-0.243164,0.760742,-0.960855,-0.302531,0.319575
1366055,-0.120117,-0.248047,0.764648,-0.920376,-0.360054,0.29827
1367304,-0.116211,-0.227539,0.743164,-0.918246,-0.430361,0.259921
1368553,-0.121094,-0.25,0.769531,-0.922507,-0.477232,0.251399
1369802,-0.133789,-0.265625,0.769531,-0.911854,-0.51132,0.234355
1371052,-0.134766,-0.271484,0.760742,-0.888418,-0.549669,0.204528
1372299,-0.136719,-0.268555,0.760742,-0.8522,-0.605062,0.191745
1373549,-0.119141,-0.227539,0.758789,-0.822373,-0.679629,0.181092
1374796,-0.109375,-0.238281,0.772461,-0.788285,-0.752066,0.16831
1376045,-0.113281,-0.258789,0.78418,-0.749936,-0.798937,0.159787
1377295,-0.113281,-0.261719,0.78418,-0.705195,-0.833025,0.144874
1378542,-0.101562,-0.251953,0.774414,-0.666847,-0.869244,0.110786
1379791,-0.09668,-0.238281,0.776367,-0.628498,-0.909724,0.072437
1381041,-0.099609,-0.230469,0.78418,-0.59867,-0.948072,0.038349
1382288,-0.101562,-0.236328,0.789062,-0.566713,-0.992813,0.023436
1383537,-0.09375,-0.238281,0.780273,-0.534756,-1.026901,0.014913
1384786,-0.081055,-0.236328,0.772461,-0.515581,-1.046075,0.010653
1386034,-0.078125,-0.235352,0.769531,-0.490015,-1.060989,-0.012783
1387283,-0.071289,-0.234375,0.772461,-0.460188,-1.084424,-0.019175
1388532,-0.072266,-0.228516,0.765625,-0.428231,-1.10786,-0.023436
1389780,-0.054688,-0.21582,0.788086,-0.372837,-1.133426,-0.036219
1391029,-0.041016,-0.212891,0.785156,-0.334489,-1.156861,-0.046871
1392278,-0.052734,-0.224609,0.75,-0.328097,-1.176036,-0.04048
1393526,-0.060547,-0.223633,0.75293,-0.315314,-1.197341,-0.019175
1394775,-0.041016,-0.22168,0.762695,-0.300401,-1.218646,-0.019175
1396024,-0.022461,-0.21875,0.764648,-0.272704,-1.233559,-0.017044
1397272,-0.009766,-0.21875,0.763672,-0.242877,-1.252734,-0.023436
1398523,0.004883,-0.217773,0.763672,-0.21305,-1.265517,-0.025566
1399770,0.018555,-0.217773,0.763672,-0.17257,-1.267648,-0.019175
1401020,0.03418,-0.21582,0.763672,-0.132091,-1.263386,-0.012783
1402267,0.048828,-0.207031,0.757812,-0.104395,-1.259126,-0.010653
1403516,0.064453,-0.197266,0.744141,-0.078828,-1.250603,-0.014913
1404766,0.078125,-0.1875,0.730469,-0.053262,-1.244212,-0.021305
1406013,0.091797,-0.182617,0.722656,-0.027696,-1.239951,-0.029827
1407262,0.107422,-0.179687,0.71875,-0.008522,-1.227168,-0.051132
1408512,0.124023,-0.168945,0.71582,0.008522,-1.218646,-0.068176
1409759,0.151367,-0.150391,0.728516,0.049002,-1.212255,-0.100134
1411009,0.176758,-0.144531,0.727539,0.08522,-1.212255,-0.142743
1412257,0.166992,-0.150391,0.707031,0.108656,-1.210124,-0.17257
1413507,0.178711,-0.151367,0.709961,0.134221,-1.203733,-0.189614
1414754,0.181641,-0.166992,0.689453,0.12783,-1.182427,-0.206658
1416003,0.177734,-0.170898,0.680664,0.117178,-1.169644,-0.227964
1417254,0.183594,-0.168945,0.688477,0.115047,-1.156861,-0.259921
1418500,0.209961,-0.163086,0.698242,0.125699,-1.154731,-0.29827
1419749,0.21582,-0.15918,0.698242,0.144874,-1.156861,-0.338749
1420999,0.226562,-0.155273,0.702148,0.159787,-1.156861,-0.389881
1422246,0.230469,-0.151367,0.705078,0.183223,-1.146209,-0.4261
1423495,0.230469,-0.152344,0.704102,0.202398,-1.139817,-0.460188
1424745,0.224609,-0.15918,0.707031,0.225833,-1.139817,-0.485754
1425992,0.227539,-0.162109,0.708984,0.249269,-1.135557,-0.513451
1427241,0.237305,-0.162109,0.712891,0.274834,-1.137687,-0.547539
1428491,0.227539,-0.18457,0.710938,0.289748,-1.139817,-0.573105
1429738,0.22168,-0.196289,0.713867,0.311053,-1.135557,-0.59441
1430987,0.231445,-0.189453,0.731445,0.360054,-1.1526,-0.637019
1432237,0.235352,-0.19043,0.741211,0.402664,-1.169644,-0.675369
1433484,0.203125,-0.230469,0.719727,0.413317,-1.154731,-0.703065
1434733,0.198242,-0.233398,0.722656,0.432492,-1.146209,-0.711587
1435983,0.202148,-0.227539,0.732422,0.460188,-1.154731,-0.728631
1437230,0.205078,-0.223633,0.741211,0.498537,-1.165383,-0.756328
1438479,0.193359,-0.233398,0.738281,0.528364,-1.163253,-0.779763
1439729,0.185547,-0.237305,0.735352,0.55606,-1.161123,-0.801068
1440976,0.19043,-0.239258,0.741211,0.590148,-1.163253,-0.80959
1442225,0.194336,-0.242187,0.745117,0.626367,-1.171775,-0.833025
1443475,0.177734,-0.237305,0.74707,0.664716,-1.180297,-0.860722
1444724,0.175781,-0.238281,0.74707,0.698804,-1.186689,-0.877766
1445971,0.178711,-0.238281,0.745117,0.72437,-1.197341,-0.909724
1447221,0.166016,-0.235352,0.746094,0.756328,-1.212255,-0.931029
1448468,0.140625,-0.238281,0.746094,0.792546,-1.225038,-0.948072
1449717,0.135742,-0.235352,0.749023,0.822373,-1.23569,-0.969378
1450966,0.143555,-0.232422,0.751953,0.847939,-1.250603,-0.999205
1452214,0.146484,-0.238281,0.758789,0.879896,-1.265517,-1.035423
1453465,0.133789,-0.253906,0.773438,0.918246,-1.284692,-1.06525
1454713,0.132812,-0.262695,0.774414,0.952334,-1.303866,-1.090816
1455960,0.135742,-0.268555,0.783203,0.98216,-1.327301,-1.124904
1457209,0.135742,-0.274414,0.791016,1.029032,-1.354998,-1.165383
1458458,0.145508,-0.288086,0.808594,1.071641,-1.391217,-1.205863
1459706,0.135742,-0.293945,0.81543,1.114251,-1.438087,-1.248473
1460957,0.131836,-0.295898,0.828125,1.161123,-1.495611,-1.299605
1462204,0.136719,-0.301758,0.842773,1.203733,-1.525438,-1.346476
1463454,0.133789,-0.318359,0.873047,1.246342,-1.553135,-1.401869
1464701,0.136719,-0.325195,0.885742,1.288952,-1.591484,-1.459393
1465950,0.140625,-0.333008,0.900391,1.335824,-1.638354,-1.519046
1467200,0.146484,-0.339844,0.918945,1.391217,-1.693747,-1.585092
1468447,0.155273,-0.364258,0.958008,1.455132,-1.74701,-1.65966
1469696,0.157227,-0.37207,0.967773,1.525438,-1.815186,-1.734227
1470946,0.157227,-0.381836,0.975586,1.593614,-1.883362,-1.806664
1472193,0.158203,-0.398437,0.984375,1.66179,-1.949407,-1.879101
1473442,0.166016,-0.433594,1.003906,1.740619,-2.023975,-1.96006
1474691,0.166016,-0.438477,1.008789,1.821578,-2.102803,-2.04315
1475939,0.166016,-0.444336,1.017578,1.900406,-2.185893,-2.134761
1477188,0.171875,-0.457031,1.029297,1.974973,-2.271113,-2.21785
1478438,0.186523,-0.478516,1.066406,2.053802,-2.358464,-2.303071
1479685,0.196289,-0.485352,1.078125,2.145414,-2.462858,-2.409596
1480934,0.191406,-0.487305,1.086914,2.234895,-2.590688,-2.528904
1482184,0.185547,-0.491211,1.09082,2.322245,-2.72917,-2.64395
1483431,0.183594,-0.511719,1.080078,2.415987,-2.85487,-2.752606
1484682,0.173828,-0.516602,1.068359,2.507598,-2.98057,-2.85274
1485929,0.15918,-0.520508,1.053711,2.601341,-3.108399,-2.950743
1487177,0.140625,-0.525391,1.040039,2.688691,-3.223447,-3.029571
1488428,0.103516,-0.53418,1.018555,2.773911,-3.325711,-3.070051
1489675,0.076172,-0.53418,1.013672,2.850609,-3.417322,-3.095617
1490923,0.05957,-0.521484,1.001953,2.918785,-3.521717,-3.133965
1492174,0.0625,-0.503906,0.983398,2.974178,-3.636763,-3.197881
1493421,0.074219,-0.457031,0.956055,3.033832,-3.75181,-3.283101
1494670,0.092773,-0.449219,0.948242,3.099877,-3.851944,-3.36619
1495920,0.097656,-0.442383,0.935547,3.159531,-3.932903,-3.438627
1497167,0.091797,-0.430664,0.916016,3.208533,-4.003209,-3.504672
1498416,0.072266,-0.435547,0.884766,3.246882,-4.067125,-3.566457
1499666,0.074219,-0.435547,0.870117,3.285231,-4.122517,-3.615458
1500913,0.085938,-0.432617,0.856445,3.321449,-4.169389,-3.672982
1502162,0.084961,-0.432617,0.844727,3.361929,-4.209868,-3.730506
1503412,0.072266,-0.429687,0.80957,3.393886,-4.250348,-3.783768
1504659,0.066406,-0.441406,0.804688,3.432235,-4.261,-3.775246
1505908,0.054688,-0.455078,0.804688,3.49189,-4.237565,-3.74968
1507156,0.049805,-0.447266,0.787109,3.545152,-4.25887,-3.798681
1508405,0.073242,-0.419922,0.757812,3.598415,-4.316393,-3.881771
1509654,0.087891,-0.425781,0.755859,3.658069,-4.344089,-3.930773
1510904,0.104492,-0.433594,0.749023,3.728375,-4.310002,-3.945686
1512151,0.108398,-0.43457,0.739258,3.781637,-4.250348,-3.952078
1513400,0.111328,-0.435547,0.724609,3.822117,-4.197085,-3.971252
1514650,0.111328,-0.439453,0.71582,3.864727,-4.145953,-3.994687
1515897,0.117188,-0.441406,0.705078,3.909467,-4.08843,-4.013862
1517146,0.120117,-0.435547,0.689453,3.939294,-4.028776,-4.043689
1518394,0.142578,-0.418945,0.666016,3.986166,-3.971252,-4.082038
1519645,0.152344,-0.416016,0.657227,4.054341,-3.896685,-4.124648
1520892,0.148438,-0.412109,0.642578,4.105474,-3.811465,-4.154475
1522141,0.141602,-0.397461,0.621094,4.141692,-3.721983,-4.182171
1523391,0.145508,-0.379883,0.59668,4.182171,-3.628242,-4.203476
1524638,0.150391,-0.371094,0.586914,4.229043,-3.534499,-4.211998
1525887,0.147461,-0.361328,0.570312,4.267392,-3.438627,-4.21839
1527137,0.150391,-0.350586,0.551758,4.30574,-3.344885,-4.235434
1528384,0.15625,-0.326172,0.53125,4.337698,-3.261795,-4.265261
1529634,0.163086,-0.318359,0.527344,4.365394,-3.189358,-4.30574
1530881,0.165039,-0.311523,0.515625,4.395221,-3.125443,-4.356872
1532130,0.164062,-0.303711,0.506836,4.425048,-3.070051,-4.403744
1533379,0.166992,-0.303711,0.487305,4.452745,-3.012527,-4.448484
1534627,0.171875,-0.297852,0.479492,4.480442,-2.961395,-4.501747
1535876,0.18457,-0.291016,0.470703,4.506007,-2.918785,-4.574184
1537125,0.1875,-0.285156,0.462891,4.527312,-2.878306,-4.655143
1538375,0.191406,-0.275391,0.451172,4.557139,-2.827174,-4.740362
1539622,0.189453,-0.270508,0.442383,4.586966,-2.771781,-4.823452
1540871,0.177734,-0.257812,0.430664,4.629576,-2.714257,-4.90015
1542121,0.173828,-0.245117,0.418945,4.667925,-2.667386,-4.970457
1543368,0.174805,-0.233398,0.404297,4.710535,-2.616254,-5.042893
1544617,0.170898,-0.225586,0.397461,4.753146,-2.565122,-5.123852
1545865,0.160156,-0.21875,0.395508,4.791494,-2.505468,-5.200551
1547114,0.165039,-0.210937,0.385742,4.838366,-2.443684,-5.266596
1548363,0.166016,-0.182617,0.379883,4.880975,-2.379768,-5.341164
1549611,0.169922,-0.171875,0.381836,4.932107,-2.309462,-5.419992
1550863,0.150391,-0.15918,0.357422,4.968326,-2.247677,-5.490298
1552109,0.136719,-0.139648,0.34082,4.989631,-2.198676,-5.569127
1553358,0.137695,-0.111328,0.336914,5.017328,-2.147544,-5.650086
1554608,0.133789,-0.09668,0.324219,5.042893,-2.100673,-5.728915
1555855,0.12207,-0.071289,0.308594,5.055676,-2.058063,-5.814134
1557104,0.117188,-0.050781,0.294922,5.076982,-2.030366,-5.901485
1558354,0.110352,-0.003906,0.274414,5.096156,-2.006931,-5.999488
1559601,0.102539,0.019531,0.260742,5.11533,-1.983496,-6.088969
1560850,0.091797,0.046875,0.248047,5.130244,-1.968582,-6.186972
1562100,0.088867,0.067383,0.236328,5.140897,-1.95793,-6.276453
1563347,0.086914,0.115234,0.210938,5.149419,-1.945147,-6.361673
1564596,0.073242,0.137695,0.186523,5.143027,-1.940886,-6.463937
1565844,0.060547,0.163086,0.161133,5.134505,-1.940886,-6.572592
1567093,0.058594,0.1875,0.144531,5.132375,-1.938755,-6.685509
1568342,0.077148,0.256836,0.144531,5.138766,-1.930233,-6.809078
1569590,0.076172,0.28418,0.134766,5.147288,-1.913189,-6.936908
1570839,0.055664,0.307617,0.119141,5.149419,-1.891884,-7.062608
1572088,0.047852,0.327148,0.109375,5.149419,-1.87271,-7.186177
1573336,0.042969,0.368164,0.094727,5.151549,-1.847144,-7.309746
1574585,0.040039,0.392578,0.088867,5.164332,-1.817317,-7.45675
1575834,0.029297,0.416016,0.085937,5.179246,-1.791751,-7.605885
1577082,0.02832,0.441406,0.085937,5.189898,-1.766185,-7.763542
1578333,0.008789,0.498047,0.066406,5.192029,-1.744879,-7.92546
1579580,-0.000977,0.514648,0.055664,5.200551,-1.723575,-8.078856
1580828,-0.013672,0.540039,0.042969,5.206942,-1.698009,-8.232252
1582079,-0.025391,0.568359,0.03418,5.206942,-1.670312,-8.389909
1583326,-0.052734,0.62207,0.012695,5.204811,-1.646877,-8.543305
1584575,-0.071289,0.650391,0.00293,5.200551,-1.625571,-8.690309
1585825,-0.088867,0.674805,-0.006836,5.19842,-1.591484,-8.841575
1587072,-0.092773,0.696289,-0.011719,5.204811,-1.555265,-8.99071
1588321,-0.099609,0.728516,-0.029297,5.215464,-1.510525,-9.133453
1589571,-0.110352,0.738281,-0.037109,5.219725,-1.453001,-9.248501
1590818,-0.12207,0.756836,-0.047852,5.215464,-1.391217,-9.350765
1592068,-0.126953,0.776367,-0.05957,5.209073,-1.340084,-9.450898